-- MySQL dump 10.13  Distrib 5.6.26, for Win64 (x86_64)
--
-- Host: localhost    Database: db_a3f268_myasp
-- ------------------------------------------------------
-- Server version	5.6.26-log

/*!40101 SET @OLD_CHARACTER_SET_CLIENT=@@CHARACTER_SET_CLIENT */;
/*!40101 SET @OLD_CHARACTER_SET_RESULTS=@@CHARACTER_SET_RESULTS */;
/*!40101 SET @OLD_COLLATION_CONNECTION=@@COLLATION_CONNECTION */;
/*!40101 SET NAMES utf8 */;
/*!40103 SET @OLD_TIME_ZONE=@@TIME_ZONE */;
/*!40103 SET TIME_ZONE='+00:00' */;
/*!40014 SET @OLD_UNIQUE_CHECKS=@@UNIQUE_CHECKS, UNIQUE_CHECKS=0 */;
/*!40014 SET @OLD_FOREIGN_KEY_CHECKS=@@FOREIGN_KEY_CHECKS, FOREIGN_KEY_CHECKS=0 */;
/*!40101 SET @OLD_SQL_MODE=@@SQL_MODE, SQL_MODE='NO_AUTO_VALUE_ON_ZERO' */;
/*!40111 SET @OLD_SQL_NOTES=@@SQL_NOTES, SQL_NOTES=0 */;

--
-- Temporary view structure for view `actormovies`
--

DROP TABLE IF EXISTS `actormovies`;
/*!50001 DROP VIEW IF EXISTS `actormovies`*/;
SET @saved_cs_client     = @@character_set_client;
SET character_set_client = utf8;
/*!50001 CREATE VIEW `actormovies` AS SELECT 
 1 AS `ActorId`,
 1 AS `MovieId`*/;
SET character_set_client = @saved_cs_client;

--
-- Table structure for table `changelog`
--

DROP TABLE IF EXISTS `changelog`;
/*!40101 SET @saved_cs_client     = @@character_set_client */;
/*!40101 SET character_set_client = utf8 */;
CREATE TABLE `changelog` (
  `id` int(11) NOT NULL AUTO_INCREMENT,
  `type` tinyint(4) DEFAULT NULL,
  `version` varchar(50) DEFAULT NULL,
  `description` varchar(200) NOT NULL,
  `name` varchar(300) NOT NULL,
  `checksum` varchar(32) DEFAULT NULL,
  `installed_by` varchar(100) NOT NULL,
  `installed_on` timestamp NOT NULL DEFAULT CURRENT_TIMESTAMP,
  `success` tinyint(1) NOT NULL,
  PRIMARY KEY (`id`)
) ENGINE=MyISAM AUTO_INCREMENT=32 DEFAULT CHARSET=utf8;
/*!40101 SET character_set_client = @saved_cs_client */;

--
-- Dumping data for table `changelog`
--

LOCK TABLES `changelog` WRITE;
/*!40000 ALTER TABLE `changelog` DISABLE KEYS */;
INSERT INTO `changelog` VALUES (1,0,'1.0.1','Create Table Ator','V1_0_1__Create_Table_Ator.sql','012B42239AF43966294CFDB3AC396A0F','a3f268_myasp','2019-04-17 18:50:03',1),(2,0,'1.0.2','Create Table Diretor','V1_0_2__Create_Table_Diretor.sql','8F327F83812CF1AE2EB1F3AE84711C83','a3f268_myasp','2019-04-17 18:50:05',1),(3,0,'1.0.3','Create Table Genero','V1_0_3__Create_Table_Genero.sql','3976887CA20E8B8E0E4E8E3C374589CE','a3f268_myasp','2019-04-17 18:50:06',1),(4,0,'1.0.4','Create Table Filme','V1_0_4__Create_Table_Filme.sql','71BE4289C2728B802A3F1386C6F9E6CD','a3f268_myasp','2019-04-17 18:50:08',1),(5,0,'1.0.5','Marvel Create Table User','V1_0_5__Marvel_Create_Table_User.sql','059D8D11B42C5BD896018E26518C4CE3','a3f268_myasp','2019-04-17 18:50:09',1),(6,0,'1.0.6','Marvel Create Table Alliance','V1_0_6__Marvel_Create_Table_Alliance.sql','9495481A993FCD23C1A5C6EB604799B7','a3f268_myasp','2019-04-17 18:50:10',1),(7,0,'1.0.7','Marvel Create Table Heroe','V1_0_7__Marvel_Create_Table_Heroe.sql','2A3CE0445829A45AFFF740151D0CE00A','a3f268_myasp','2019-04-17 18:50:12',1),(8,0,'1.0.8','Marvel Create Table User Alliance','V1_0_8__Marvel_Create_Table_User_Alliance.sql','63A283186155A280A9A6955F5ED4F71E','a3f268_myasp','2019-04-17 18:50:13',1),(9,0,'1.1.0','Marvel Create Table User Heroe','V1_1_0__Marvel_Create_Table_User_Heroe.sql','B4DB1493C6688B00CDB3969D44D4C8F3','a3f268_myasp','2019-04-17 18:50:15',1),(10,0,'1.1.1','Marvel Create Table Synergy','V1_1_1__Marvel_Create_Table_Synergy.sql','1D3597CEAAACAAE92098B438BBD741FF','a3f268_myasp','2019-04-17 18:50:16',1),(11,0,'1.1.2','Marvel Create Table Heroe Synergy','V1_1_2__Marvel_Create_Table_Heroe_Synergy.sql','EAA64E3FCA2C6C3852E79E5FDEE08BED','a3f268_myasp','2019-04-17 18:50:17',1),(12,0,'1.1.3','Alter View Genero','V1_1_3__Alter_View_Genero.sql','00485029D34059C6D29CE93D700C97B4','a3f268_myasp','2019-04-29 14:10:59',1),(13,0,'1.1.4','Alter View Ator','V1_1_4__Alter_View_Ator.sql','EB48FE801F664D40DE5A50EE7A485F67','a3f268_myasp','2019-04-29 14:22:44',1),(15,0,'1.1.5','Alter View Diretor','V1_1_5__Alter_View_Diretor.sql','8883B2D8F321DAB7A95E8F577EB4FDAE','a3f268_myasp','2019-04-29 17:57:40',1),(16,0,'1.1.6','Marvel Create Table Ability','V1_1_6__Marvel_Create_Table_Ability.sql','6E4C76CEA71823B6887A4D422E070FC4','a3f268_myasp','2019-05-14 21:46:59',1),(17,0,'1.1.7','Marvel Create Table Heroe Ability','V1_1_7__Marvel_Create_Table_Heroe_Ability.sql','C0B881B038E233E0C0E31137B0F19F12','a3f268_myasp','2019-05-14 21:47:01',1),(18,0,'1.1.8','Marvel Create Table Hashtag','V1_1_8__Marvel_Create_Table_Hashtag.sql','664D67DEC7B2E33B31B10F94B41684AD','a3f268_myasp','2019-05-14 21:53:03',1),(19,0,'1.1.9','Marvel Create Table Heroe Hashtag','V1_1_9__Marvel_Create_Table_Heroe_Hashtag.sql','3B2A6525B5CA8ED6581FDD0A962534F8','a3f268_myasp','2019-05-14 21:53:04',1),(20,0,'1.2.0','Create View Hero Hashtag','V1_2_0__Create_View_Hero_Hashtag.sql','25184F83370A4BE1BBED0BC54C3F5F48','a3f268_myasp','2019-05-16 18:28:30',1),(22,0,'1.2.1','Create table web users','V1_2_1__Create_table_web_users.sql','CA634AC56C3B4653F4530D6213C23751','a3f268_myasp','2019-06-10 19:00:52',1),(28,0,'1.2.4','Create View filme por genero','V1_2_4__Create_View_filme_por_genero.sql','2D090FF84DC6DF3822EBC4DDBB56A7C8','a3f268_myasp','2019-06-13 14:29:54',1),(27,0,'1.2.3','Create View filme por diretor','V1_2_3__Create_View_filme_por_diretor.sql','2886C3F37B36344F267BA97D5541DFEB','a3f268_myasp','2019-06-13 14:29:53',1),(26,0,'1.2.2','Create View filme por ator','V1_2_2__Create_View_filme_por_ator.sql','1558F6BB8EC5241114AB1AE7F8C27EF8','a3f268_myasp','2019-06-13 14:29:51',1),(29,0,'1.2.5','FileRenamer Create Command ','V1_2_5__FileRenamer_Create_Command .sql','FC2C32F2613A35A29691E8BC29FA2847','a3f268_myasp','2019-08-07 03:44:10',1),(30,0,'1.2.6','Marvel Alter Table Ability','V1_2_6__Marvel_Alter_Table_Ability.sql','E7BA36B5C6E84758E7BCD80F37530C27','a3f268_myasp','2019-09-18 19:03:35',1),(31,0,'1.2.7','Marvel Alter Table Heroe','V1_2_7__Marvel_Alter_Table_Heroe.sql','F2C430C45215C4DC221ECAB9021169A3','a3f268_myasp','2019-09-26 03:38:47',1);
/*!40000 ALTER TABLE `changelog` ENABLE KEYS */;
UNLOCK TABLES;

--
-- Table structure for table `file_renamer_command`
--

DROP TABLE IF EXISTS `file_renamer_command`;
/*!40101 SET @saved_cs_client     = @@character_set_client */;
/*!40101 SET character_set_client = utf8 */;
CREATE TABLE `file_renamer_command` (
  `id` int(11) NOT NULL AUTO_INCREMENT,
  `caminho` varchar(80) NOT NULL,
  `extensao` varchar(10) NOT NULL,
  `prefixo` varchar(20) DEFAULT NULL,
  `substituir` varchar(40) DEFAULT NULL,
  `substpor` varchar(20) DEFAULT NULL,
  `abreviar` varchar(10) NOT NULL,
  PRIMARY KEY (`id`)
) ENGINE=InnoDB AUTO_INCREMENT=22 DEFAULT CHARSET=utf8;
/*!40101 SET character_set_client = @saved_cs_client */;

--
-- Dumping data for table `file_renamer_command`
--

LOCK TABLES `file_renamer_command` WRITE;
/*!40000 ALTER TABLE `file_renamer_command` DISABLE KEYS */;
INSERT INTO `file_renamer_command` VALUES (11,'G:\\Music\\Game','*.mp3','','Chrono Trigger','CT','False'),(12,'G:\\Music\\Game','*.mp3','','Sonic the Hedgehog','Sonic','False'),(13,'G:\\Music\\Game','*.mp3','','Mario World','Mario','False'),(14,'G:\\Music\\Infantil','*.mp3','','Guilherme','Gui','False'),(15,'G:\\Music\\Pop Rock Nacional','*.mp3','','Legião Urbana','LU','False'),(16,'G:\\Music\\Rock','*.mp3','','','','True'),(18,'G:\\Music\\Infantil','*.mp3','','','','True'),(19,'G:\\Music\\Gospel','*.mp3','','Marcelo Rossi','Marcelo','False'),(21,'G:\\Music\\Freestyle','*.mp3','','Dj Rari -','DJ','False');
/*!40000 ALTER TABLE `file_renamer_command` ENABLE KEYS */;
UNLOCK TABLES;

--
-- Table structure for table `marvel_ability`
--

DROP TABLE IF EXISTS `marvel_ability`;
/*!40101 SET @saved_cs_client     = @@character_set_client */;
/*!40101 SET character_set_client = utf8 */;
CREATE TABLE `marvel_ability` (
  `id` int(11) NOT NULL AUTO_INCREMENT,
  `name` varchar(40) NOT NULL,
  `type` int(11) NOT NULL DEFAULT '0',
  PRIMARY KEY (`id`)
) ENGINE=InnoDB AUTO_INCREMENT=314 DEFAULT CHARSET=utf8;
/*!40101 SET character_set_client = @saved_cs_client */;

--
-- Dumping data for table `marvel_ability`
--

LOCK TABLES `marvel_ability` WRITE;
/*!40000 ALTER TABLE `marvel_ability` DISABLE KEYS */;
INSERT INTO `marvel_ability` VALUES (7,'Poison',0),(8,'Fury',0),(9,'Poison Immunity',0),(10,'poison',2),(11,'Relentless Assault',0),(12,'Tenacity',0),(13,'Combo Shield',0),(14,'Bleed',0),(15,'Stun',0),(16,'Symbiote Stealth',0),(17,'Incinerate',0),(18,'Debuff Shrug',1),(19,'Shrug',1),(20,'Regeneration',0),(21,'Precision',0),(22,'Armor',0),(23,'regen',1),(24,'Fury',1),(25,'Prowess',1),(26,'Incinerate Immunity',1),(27,'Frostbite Immunity',1),(28,'Coldsnap Immunity',1),(29,'Power Lock Immunity',1),(30,'Power Drain Immunity',1),(31,'Power Steal Immunity',1),(32,'Power Burn Immunity',1),(33,'Unblockable',1),(34,'True Strike',1),(35,'Armor Break',1),(36,'Unstoppable',1),(37,'Stun Immunity',1),(38,'Armor Up',1),(39,'Cruelty',1),(40,'Fatigue',0),(41,'critical rate',2),(42,'Neurotoxin',0),(43,'ability accuracy',2),(44,'Freestyle Combat',0),(45,'Acrobatic Combat',0),(46,'Bleed Resistance',0),(47,'Bleed Resistance',1),(48,'Resistance',1),(49,'Foresight',0),(50,'Persistent Power',0),(51,'Energy Absorbtion',0),(52,'Energy Damage',0),(53,'Prowess',0),(54,'Direct Damage',0),(55,'Armor Break',0),(56,'Reflective Armor',0),(57,'Reflect Stun',0),(58,'parry',2),(59,'Evade',0),(60,'Cruelty',0),(61,'Power Gain',0),(62,'Danger Sense',0),(63,'Debuff Reduced',1),(64,'Reduced',1),(65,'Concussion',0),(66,'True Strike',0),(67,'Degeneration',0),(68,'Poison Reduced',1),(69,'Perfect Block',0),(70,'Kinetic Potential',0),(71,'Resist Physical Energy Resist',0),(72,'Sun',0),(73,'Attack',1),(74,'Glancing',1),(75,'Physical Resistance',1),(76,'Energy Resistance',1),(77,'Energy Absorption',0),(78,'Binary Ignition',0),(79,'Power Gain',1),(80,'Indestructible',1),(81,'True Damage',1),(82,'Resist Physical',0),(83,'Heal Block',0),(84,'Power Drain',0),(85,'Special Damage Resistance',1),(86,'Poison Resistance',1),(87,'Power Lock',1),(88,'regen',2),(89,'regeneration',2),(90,'power gain',2),(91,'Bleed Immunity',0),(92,'bleed',2),(93,'Glaive of Immortality',0),(94,'Persistent Cruelty',0),(95,'Glaive\'s Immunity',0),(96,'Bleed Immunity',1),(97,'Shock Immunity',1),(98,'Safeguard',1),(99,'Coldsnap',2),(100,'Shock',2),(101,'Overrun',0),(102,'defensive ability accuracy',2),(103,'armor',2),(104,'projectile',2),(105,'Null Space Upgrades',0),(106,'Robotics',0),(107,'Power Rate',0),(108,'Shock',0),(109,'Poison Immunity',1),(110,'Shock',1),(111,'Evade',1),(112,'Auto-Block',1),(113,'Alchemy',0),(114,'Poison Resistance',0),(115,'Academic Background',0),(116,'Power Lock',0),(117,'Evocation',0),(118,'Fate Seal',0),(119,'Spirit Venom',0),(120,'Power Burn',0),(121,'Power Leech',0),(122,'Luck',0),(123,'Critical Bleed',0),(124,'Critical Damage',0),(125,'Reduced Ability Accuracy',1),(126,'Bleed',1),(127,'Stun',1),(128,'Nullify',0),(129,'Static Shock',0),(130,'Final Strike',0),(131,'Taunt',0),(132,'Power Sting',0),(133,'stun',2),(134,'incinerate',2),(135,'shock frostbite',2),(136,'fatigue',2),(137,'concussion',2),(138,'exhaustion',2),(139,'Recon',0),(140,'Ante Up',0),(141,'Phasing',0),(142,'Evils Bane',0),(143,'Judgment',0),(144,'Fate Seal',1),(145,'Weakness',0),(146,'Enfeeble',0),(147,'Pacificism',0),(148,'Cleanse',0),(149,'Soul Harvest',0),(150,'Enervate',0),(151,'Plasma Charge',0),(152,'Plasma Build Up',0),(153,'Feedback',0),(154,'All Seeing',0),(155,'Precision',1),(156,'Aptitude',1),(157,'Quack-Fu',0),(158,'ISO Loader',0),(159,'Pollice Verso',0),(160,'Heal Block',1),(161,'Enervate',1),(162,'Pre-Flight Ability',0),(163,'Temperature',0),(164,'Nova Flame',0),(165,'Incinerate',1),(166,'Power Sting',1),(167,'Nova Flame',1),(168,'Smoulder',1),(169,'!perfectblockchance !blockproficiency',2),(170,'Cosmic Potential',0),(171,'Organic Ice',0),(172,'Frost Bite',0),(173,'Coldsnap',0),(174,'evade',2),(175,'Chi Strike',0),(176,'Molecular Armor',0),(177,'Cold Immunity',1),(178,'Plasma',1),(179,'Dusty',1),(180,'Power Drain',2),(181,'Power Steal',2),(182,'Power Burn',2),(183,'Cold',2),(184,'Gambler\'s Ruin',0),(185,'Unstoppable',0),(186,'Cyttorak\'s Favor',0),(187,'Stagger',1),(188,'Martial Focus',0),(189,'physical resistance',2),(190,'energy resistance',2),(191,'Reverberation',0),(192,'Indestructible',0),(193,'Reverberation',1),(194,'Rage',0),(195,'Overpower',0),(196,'Unblockable',0),(197,'Rock Shield',0),(198,'Rock Anatomy',0),(199,'Thorns',0),(200,'Critical Resistance',1),(201,'Thorns',1),(202,'Offensive Ability Accuracy Reduction',1),(203,'Buff Steal',0),(204,'Curse',0),(205,'Physical Resistance',0),(206,'Exhaustion',0),(207,'Concussion',1),(208,'Master Plan',0),(209,'Flux',0),(210,'Force Field',0),(211,'Power Steal',0),(212,'powersting',2),(213,'dark sting',2),(214,'Magnetism',0),(215,'Ignite',0),(216,'Disorient',0),(217,'Armor Shattered',0),(218,'Persistent Charge',0),(219,'Soul Incarceration',0),(220,'frostbite',2),(221,'Molecular Regeneration',0),(222,'regen rate',1),(223,'power rate',1),(224,'unblockable',2),(225,'taunt',2),(226,'reverse controls',2),(227,'Mirror Dimension',0),(228,'Soul Barb',0),(229,'Ability Accuracy Immunity',1),(230,'Deformation',0),(231,'Cybernetic Enhancements',0),(232,'Self-Repair',0),(233,'Shock Shrug',1),(234,'Purify',0),(235,'Debuff Immunity',1),(236,'Purify',1),(237,'Defensive Ability Accuracy Reduction',1),(238,'Lightning Arc',0),(239,'Disoriented',0),(240,'True Accuracy',1),(241,'Bamf',0),(242,'Pacifism',0),(243,'Bleed Reduced',1),(244,'Death Factor',0),(245,'Death Field',0),(246,'Life Steal',0),(247,'True Accuracy',0),(248,'Safeguard',0),(249,'Petrify',1),(250,'Defy Pain',0),(251,'Retribution 2099',0),(252,'Nano-Tech',0),(253,'Aftershock',0),(254,'Scorch',0),(255,'Direct Damage',1),(256,'Rhino Charge',0),(257,'Shield System',0),(258,'Psyche Absorption',0),(259,'Kree Physiology',0),(260,'Replicate',0),(261,'Untamed Heart',0),(262,'Cold Immunity',0),(263,'Viel of Fortune',0),(264,'Poison',1),(265,'Analysis Upgrade',0),(266,'Armor Up',0),(267,'Pummell',0),(268,'Sensory Weave',0),(269,'Poise',0),(270,'Ensnare',0),(271,'Ability Accuracy Reduction',1),(272,'Taunt',1),(273,'Power Drain',1),(274,'Element Gun',0),(275,'Shock Resistance',1),(276,'Exploit Weakness',0),(277,'Primal Fury',0),(278,'Champion of the Universe',0),(279,'Invisibility',0),(280,'Hex Magic',0),(281,'Stagger',0),(282,'Rock Stacks',0),(283,'Armor Break Immunity',1),(284,'Nullify Immunity',1),(285,'Stagger Immunity',1),(286,'Fate Seal Immunity',1),(287,'armor break',2),(288,'nullify',2),(289,'stagger',2),(290,'fate seal',2),(291,'Ragnarok',0),(292,'Energy Resist',0),(293,'Auto-Block',0),(294,'energy',2),(295,'Cauterize',0),(296,'Self Repair',0),(297,'Klyntar Mutation',0),(298,'Genetic Memory',1),(299,'Replicate',1),(300,'Aberration',0),(301,'Toxic Armor',0),(302,'Om Nom',0),(303,'Incinerate Immunity',0),(304,'Intimidating Presence',0),(305,'Dark Sting',0),(306,'Fatigue',1),(307,'Agility Debuff',1),(308,'Power Burn',1),(309,'perfect block',2),(310,'block proficiency',2),(311,'Quantum Evade',0),(312,'Weakness',1),(313,'Ammo Stockpile',0);
/*!40000 ALTER TABLE `marvel_ability` ENABLE KEYS */;
UNLOCK TABLES;

--
-- Table structure for table `marvel_alliance`
--

DROP TABLE IF EXISTS `marvel_alliance`;
/*!40101 SET @saved_cs_client     = @@character_set_client */;
/*!40101 SET character_set_client = utf8 */;
CREATE TABLE `marvel_alliance` (
  `id` int(11) NOT NULL AUTO_INCREMENT,
  `name` varchar(40) NOT NULL,
  PRIMARY KEY (`id`)
) ENGINE=InnoDB DEFAULT CHARSET=utf8;
/*!40101 SET character_set_client = @saved_cs_client */;

--
-- Dumping data for table `marvel_alliance`
--

LOCK TABLES `marvel_alliance` WRITE;
/*!40000 ALTER TABLE `marvel_alliance` DISABLE KEYS */;
/*!40000 ALTER TABLE `marvel_alliance` ENABLE KEYS */;
UNLOCK TABLES;

--
-- Table structure for table `marvel_hashtag`
--

DROP TABLE IF EXISTS `marvel_hashtag`;
/*!40101 SET @saved_cs_client     = @@character_set_client */;
/*!40101 SET character_set_client = utf8 */;
CREATE TABLE `marvel_hashtag` (
  `id` int(11) NOT NULL AUTO_INCREMENT,
  `name` varchar(40) NOT NULL,
  PRIMARY KEY (`id`)
) ENGINE=InnoDB AUTO_INCREMENT=133 DEFAULT CHARSET=utf8;
/*!40101 SET character_set_client = @saved_cs_client */;

--
-- Dumping data for table `marvel_hashtag`
--

LOCK TABLES `marvel_hashtag` WRITE;
/*!40000 ALTER TABLE `marvel_hashtag` DISABLE KEYS */;
INSERT INTO `marvel_hashtag` VALUES (70,'Offensive: Damage Over Time'),(71,'Hero'),(72,'Flying'),(73,'Fantastic Four'),(74,'Size: M'),(75,'Medium'),(76,'male'),(77,'2019'),(78,'jokes on jj'),(79,'Offensive'),(80,'Defensive'),(81,'Defensive: Utility'),(82,'S.H.I.E.L.D.'),(83,'shield'),(84,'Offensive: Raw'),(85,'Kree'),(86,'A-Force'),(87,'Size: S'),(88,'Small'),(89,'female'),(90,'Control'),(91,'Control: Denial'),(92,'Villain'),(93,'Size: L'),(94,'large'),(95,'Offensive: Burst'),(96,'X-Men'),(97,'Control: Counter'),(98,'Defensive: Tank'),(99,'Size: XL'),(100,'XL'),(101,'Defensive: Guard'),(102,'Robot'),(103,'Metal'),(104,'2018'),(105,'Offensive: Raw Damage'),(106,'Elder'),(107,'Symbiote'),(108,'xlarge'),(109,'Mercenary'),(110,'Devilishly Handsome'),(111,'1000% Awesome'),(112,'X-Force'),(113,'Avengers'),(114,'Thanos\'s Army'),(115,'2017'),(116,'Thunderbolts'),(117,'Dimensional Being'),(118,'Inhuman'),(119,'Inhuman Royal Family'),(120,'Sinister Six'),(121,'Spider-Verse Heroes'),(122,'Spiderverse'),(123,'Villain of the Contest'),(124,'guardians'),(125,'guardians of the Galaxy'),(126,'2015'),(127,'Defenders'),(128,'2016'),(129,'New Avengers'),(130,'Champions'),(131,'Chronos Corps'),(132,'Illuminati');
/*!40000 ALTER TABLE `marvel_hashtag` ENABLE KEYS */;
UNLOCK TABLES;

--
-- Table structure for table `marvel_heroe`
--

DROP TABLE IF EXISTS `marvel_heroe`;
/*!40101 SET @saved_cs_client     = @@character_set_client */;
/*!40101 SET character_set_client = utf8 */;
CREATE TABLE `marvel_heroe` (
  `id` int(11) NOT NULL AUTO_INCREMENT,
  `name` varchar(40) NOT NULL,
  `class` int(1) NOT NULL,
  `release_date` datetime DEFAULT NULL,
  `info_page` varchar(200) DEFAULT NULL,
  `stars` varchar(6) DEFAULT NULL,
  PRIMARY KEY (`id`)
) ENGINE=InnoDB AUTO_INCREMENT=293 DEFAULT CHARSET=utf8;
/*!40101 SET character_set_client = @saved_cs_client */;

--
-- Dumping data for table `marvel_heroe`
--

LOCK TABLES `marvel_heroe` WRITE;
/*!40000 ALTER TABLE `marvel_heroe` DISABLE KEYS */;
INSERT INTO `marvel_heroe` VALUES (145,'Human Torch',4,'2019-01-18 00:04:00','https://playcontestofchampions.com/champion-spotlight-human-torch','nnyyyn'),(146,'Annihilus',0,'2019-04-04 00:00:00','https://playcontestofchampions.com/champion-spotlight-annihilus','nnyynn'),(147,'Nick Fury',3,'2019-01-21 00:03:00','https://playcontestofchampions.com/champion-spotlight-nick-fury','nyyyyn'),(148,'Captain Marvel (Movie)',0,'2019-07-03 00:00:00','https://playcontestofchampions.com/champion-spotlight-captain-marvel-(movie)','nyyyyy'),(149,'Mister Sinister',2,'2019-01-21 00:02:00','https://playcontestofchampions.com/champion-spotlight-mister-sinister','nnyyyy'),(150,'Havok',2,'2019-07-02 00:00:00','https://playcontestofchampions.com/champion-spotlight-havok','nnyyyy'),(151,'Diablo',5,'2019-01-24 00:01:00','https://playcontestofchampions.com/champion-spotlight-diablo','nnyyyy'),(152,'Thing',4,'2019-10-01 00:00:00','https://playcontestofchampions.com/champion-spotlight-thing','nnyyyy'),(153,'Darkhawk',1,'2018-01-20 00:12:00','https://playcontestofchampions.com/champion-spotlight-darkhawk','nnyyyy'),(154,'Night Thrasher',3,'2018-06-12 00:00:00','https://playcontestofchampions.com/champion-spotlight-night-thrasher','nnyyyy'),(155,'Aegon',3,'2018-01-22 00:11:00','https://playcontestofchampions.com/champion-spotlight-aegon','nnyyyy'),(156,'The Champion',0,'2018-08-11 00:00:00','https://playcontestofchampions.com/champion-spotlight-the-champion','nnyyyy'),(157,'Venom The Duck',0,'2018-01-25 00:10:00','https://playcontestofchampions.com/champion-spotlight-venom-the-duck','nnyyyy'),(158,'Symbiote Supreme',5,'2018-11-10 00:00:00','https://playcontestofchampions.com/champion-spotlight-symbiote-supreme','nnyyyy'),(159,'Emma Frost',2,'2018-01-27 00:09:00','https://playcontestofchampions.com/champion-spotlight-emma-frost','nnyyyy'),(160,'Omega Red',2,'2018-01-13 00:09:00','https://playcontestofchampions.com/champion-spotlight-omega-red','nnyyyy'),(161,'Korg',3,'2018-01-21 00:08:00','https://playcontestofchampions.com/champion-spotlight-korg','nnyyyy'),(162,'Heimdall',0,'2018-01-16 00:08:00','https://playcontestofchampions.com/champion-spotlight-heimdall','nnyyyy'),(163,'Red Skull',1,'2018-02-08 00:00:00','https://playcontestofchampions.com/champion-spotlight-red-skull','nnyyyy'),(164,'Ghost',1,'2018-01-19 00:07:00','https://playcontestofchampions.com/champion-spotlight-ghost','nyyyyy'),(165,'Wasp',4,'2018-05-07 00:00:00','https://playcontestofchampions.com/champion-spotlight-wasp','nyyyyy'),(166,'Masacre',3,'2018-01-21 00:06:00','https://playcontestofchampions.com/champion-spotlight-masacre','nnyyyy'),(167,'Goldpool',2,'2018-01-21 00:06:00','https://playcontestofchampions.com/champion-spotlight-goldpool','nnnnyn'),(168,'Domino',2,'2018-07-06 00:00:00','https://playcontestofchampions.com/champion-spotlight-domino','nnyyyy'),(169,'Iron Man (Infinity War)',1,'2018-01-17 00:05:00','https://playcontestofchampions.com/champion-spotlight-iron-man-(infinity-war)','nyyyyy'),(170,'Captain America (Infinity War)',4,'2018-03-05 00:00:00','https://playcontestofchampions.com/champion-spotlight-captain-america-(infinity-war)','nnyyyy'),(171,'Corvus Glaive',0,'2018-01-25 00:04:00','https://playcontestofchampions.com/champion-spotlight-corvus-glaive','nnyyyy'),(172,'Proxima Midnight',0,'2018-11-04 00:00:00','https://playcontestofchampions.com/champion-spotlight-proxima-midnight','nnyyyy'),(173,'Sabretooth',2,'2018-01-28 00:03:00','https://playcontestofchampions.com/champion-spotlight-sabretooth','nnyyyy'),(174,'Bishop',2,'2018-01-14 00:03:00','https://playcontestofchampions.com/champion-spotlight-bishop','nyyyyy'),(175,'Sentinel',1,'2018-01-28 00:02:00','https://playcontestofchampions.com/champion-spotlight-sentinel','nnyyyy'),(176,'Killmonger',3,'2018-01-15 00:02:00','https://playcontestofchampions.com/champion-spotlight-killmonger','nyyyyy'),(177,'Hulk (Ragnarok)',4,'2018-01-02 00:00:00','https://playcontestofchampions.com/champion-spotlight-hulk-(ragnarok)','nnyyyy'),(178,'Void',4,'2018-01-18 00:01:00','https://playcontestofchampions.com/champion-spotlight-void','nnyyyy'),(179,'Sentry',4,'2018-04-01 00:00:00','https://playcontestofchampions.com/champion-spotlight-sentry','nyyyyy'),(180,'M.O.D.O.K.',4,'2017-01-21 00:12:00','https://playcontestofchampions.com/champion-spotlight-m.o.d.o.k.','nyyyyy'),(181,'Taskmaster',3,'2017-07-12 00:00:00','https://playcontestofchampions.com/champion-spotlight-taskmaster','nyyyyn'),(182,'Hela',0,'2017-01-25 00:11:00','https://playcontestofchampions.com/champion-spotlight-hela','nyyyyy'),(183,'Thor (Ragnarok)',3,'2017-09-11 00:00:00','https://playcontestofchampions.com/champion-spotlight-thor-(ragnarok)','nyyyyy'),(184,'Blade',3,'2017-01-26 00:10:00','https://playcontestofchampions.com/champion-spotlight-blade','nyyyyn'),(185,'Morningstar',5,'2017-12-10 00:00:00','https://playcontestofchampions.com/champion-spotlight-morningstar','nyyyyy'),(186,'Mephisto',5,'2017-01-28 00:09:00','https://playcontestofchampions.com/champion-spotlight-mephisto','nyyyyy'),(187,'Medusa',0,'2017-01-14 00:09:00','https://playcontestofchampions.com/champion-spotlight-medusa','nyyyyn'),(188,'Kingpin',3,'2017-01-31 00:08:00','https://playcontestofchampions.com/champion-spotlight-kingpin','nyyyyy'),(189,'Doctor Octopus',1,'2017-01-17 00:08:00','https://playcontestofchampions.com/champion-spotlight-doctor-octopus','nyyyyy'),(190,'Green Goblin',1,'2017-03-08 00:00:00','https://playcontestofchampions.com/champion-spotlight-green-goblin','nyyyyy'),(191,'Vulture',1,'2017-01-20 00:07:00','https://playcontestofchampions.com/champion-spotlight-vulture','nyyyyy'),(192,'Spider-Man (Stark Enhanced)',1,'2017-06-07 00:00:00','https://playcontestofchampions.com/champion-spotlight-spider-man-stark-enhanced/','nyyyyn'),(193,'Punisher 2099',1,'2017-01-29 00:06:00','https://playcontestofchampions.com/champion-spotlight-punisher-2099','nyyyyy'),(194,'Carnage',0,'2017-08-06 00:00:00','https://playcontestofchampions.com/champion-spotlight-carnage','nyyyyn'),(195,'Yondu',1,'2017-01-25 00:05:00','https://playcontestofchampions.com/champion-spotlight-yondu','nyyyyy'),(196,'Nebula',1,'2017-11-05 00:00:00','https://playcontestofchampions.com/champion-spotlight-nebula','nyyyyy'),(197,'King Groot',0,'2017-01-27 00:04:00','https://playcontestofchampions.com/champion-spotlight-king-groot','nyyyyy'),(198,'Angela',0,'2017-01-13 00:04:00','https://playcontestofchampions.com/champion-spotlight-angela','nyyyyy'),(199,'Iceman',2,'2017-01-30 00:03:00','https://playcontestofchampions.com/champion-spotlight-iceman','nyyyyn'),(200,'Psylocke',2,'2017-01-16 00:03:00','https://playcontestofchampions.com/champion-spotlight-psylocke','nyyyyy'),(201,'Archangel',2,'2017-02-03 00:00:00','https://playcontestofchampions.com/champion-spotlight-archangel','nyyyyn'),(202,'The Hood',5,'2017-02-02 00:00:00','https://playcontestofchampions.com/champion-spotlight-the-hood','nyyyyy'),(203,'Dormammu',5,'2017-01-02 00:00:00','https://playcontestofchampions.com/champion-spotlight-dormammu','nyyyyy'),(204,'Cable',2,'2017-01-19 00:01:00','https://playcontestofchampions.com/champion-spotlight-cable','nyyyyy'),(205,'Gwenpool',3,'2017-05-01 00:00:00','https://playcontestofchampions.com/champion-spotlight-gwenpool','nnyyyy'),(206,'Groot',0,'2015-01-24 00:12:00','https://forums.playcontestofchampions.com/en/discussion/comment/40#Comment_40','nyyyyn'),(207,'Howard the Duck',1,'2016-01-22 00:12:00','https://playcontestofchampions.com/champion-spotlight-howard-the-duck','nyyyyn'),(208,'Hyperion',0,'2016-08-12 00:00:00','https://playcontestofchampions.com/champion-spotlight-hyperion','nyyyyn'),(209,'Doctor Voodoo',5,'2016-01-24 00:11:00','https://playcontestofchampions.com/champion-spotlight-doctor-voodoo','nyyyyn'),(210,'Mordo',5,'2016-10-11 00:00:00','https://playcontestofchampions.com/champion-spotlight-mordo','nyyyyy'),(211,'Thanos',0,'2016-01-11 00:00:00','none','nnyyyn'),(212,'Ghost Rider',5,'2016-01-27 00:10:00','https://playcontestofchampions.com/champion-spotlight-ghost-rider','nyyyyn'),(213,'Phoenix',0,'2016-01-13 00:10:00','https://playcontestofchampions.com/champion-spotlight-phoenix','nyyyyy'),(214,'Quake',4,'2016-01-29 00:09:00','https://playcontestofchampions.com/champion-spotlight-quake','nyyyyn'),(215,'Rogue',2,'2016-01-15 00:09:00','https://playcontestofchampions.com/champion-spotlight-rogue','nnyyyy'),(216,'Karnak',3,'2016-01-09 00:00:00','https://playcontestofchampions.com/champion-spotlight-karnak','nyyyyy'),(217,'Ultron (Classic)',1,'2016-01-17 00:08:00','https://forums.playcontestofchampions.com/en/discussion/comment/85/#Comment_85','nnnnyn'),(218,'Abomination',4,'2014-10-12 00:00:00','none','nyyyyn'),(219,'Agent Venom',3,'2016-01-14 00:04:00','https://forums.playcontestofchampions.com/en/discussion/comment/48#Comment_48','nyyyyn'),(220,'Ant-Man',4,'2015-09-07 00:00:00','none','nyyyyy'),(221,'Beast',2,'2016-01-21 00:07:00','https://playcontestofchampions.com/champion-spotlight-beast','nyyyyy'),(222,'Black Bolt',0,'2014-10-12 00:00:00','none','nyyyny'),(223,'Black Panther',3,'2014-10-12 00:00:00','none','yyyyyn'),(224,'Black Panther (Civil War)',3,'2016-01-26 00:05:00','https://playcontestofchampions.com/champion-spotlight-black-panther','nyyyyy'),(225,'Black Widow',3,'2015-07-05 00:00:00','none','nyyyyn'),(226,'Captain America',4,'2014-10-12 00:00:00','none','nyyyyn'),(227,'Captain America WWII',4,'2015-02-07 00:00:00','none','nyyyny'),(228,'Captain Marvel (Classic)',0,'2015-08-01 00:00:00','none','nnyyyy'),(229,'Civil Warrior',1,'2016-01-30 00:06:00','https://playcontestofchampions.com/champion-spotlight-civil-warrior','nyyyyy'),(230,'Colossus',2,'2014-10-12 00:00:00','none','yyyyyn'),(231,'Crossbones',3,'2016-12-05 00:00:00','https://playcontestofchampions.com/champion-spotlight-crossbones','nyyyyn'),(232,'Cyclops (Blue Team)',2,'2016-01-21 00:01:00','https://forums.playcontestofchampions.com/en/discussion/comment/42#Comment_42','nyyyyy'),(233,'Cyclops (New Xavier School)',2,'2014-10-12 00:00:00','none','nyyyyy'),(234,'Daredevil (Classic)',3,'2015-01-16 00:04:00','none','nnyyny'),(235,'Daredevil Netflix',3,'2015-01-19 00:11:00','https://forums.playcontestofchampions.com/en/discussion/comment/37#Comment_37','nyyyyn'),(236,'Deadpool',2,'2014-10-12 00:00:00','none','nyyynn'),(237,'Deadpool (X-Force)',2,'2015-01-17 00:09:00','https://forums.playcontestofchampions.com/en/discussion/comment/31#Comment_31','nyyyny'),(238,'Doctor Strange',5,'2015-01-19 00:03:00','none','nyyyyn'),(239,'Drax',0,'2014-10-12 00:00:00','none','nyyyyy'),(240,'Electro',4,'2015-05-02 00:00:00','none','nyyyyy'),(241,'Elektra',3,'2015-08-10 00:00:00','https://forums.playcontestofchampions.com/en/discussion/comment/32#Comment_32','nnyyyy'),(242,'Falcon',3,'2016-09-06 00:00:00','https://playcontestofchampions.com/champion-spotlight-falcon','nyyyyn'),(243,'Gambit',2,'2016-01-17 00:08:00','https://playcontestofchampions.com/champion-spotlight-gambit','nyyyyn'),(244,'Gamora',0,'2014-10-12 00:00:00','https://forums.playcontestofchampions.com/en/discussion/126185/she-hulk-update-spotlight','yyyyny'),(245,'Guillotine',5,'2015-01-22 00:10:00','https://forums.playcontestofchampions.com/en/discussion/comment/23#Comment_23','nyyyyy'),(246,'Hawkeye',3,'2014-10-12 00:00:00','none','yyyyyy'),(247,'Hulk',4,'2014-10-12 00:00:00','none','yyyyyn'),(248,'Hulkbuster',1,'2015-01-21 00:05:00','none','nyyyyy'),(249,'Immortal Iron Fist',5,'2015-01-20 00:08:00','none','nnyynn'),(250,'Iron Fist',5,'2014-10-12 00:00:00','none','nyyyyy'),(251,'Iron Man',1,'2014-10-12 00:00:00','none','yyyyyn'),(252,'Iron Patriot',1,'2015-02-07 00:00:00','none','nyyyyn'),(253,'Joe Fixit',4,'2015-01-15 00:10:00','https://forums.playcontestofchampions.com/en/discussion/comment/33#Comment_33','nyyynn'),(254,'Juggernaut',5,'2014-10-12 00:00:00','none','yyyyyy'),(255,'Kang',1,'2015-08-05 00:00:00','none','nnnyyn'),(256,'Loki',5,'2016-04-08 00:00:00','https://playcontestofchampions.com/champion-spotlight-loki','nyyyyy'),(257,'Luke Cage',4,'2015-01-26 00:11:00',NULL,'nyyyyy'),(258,'Magik',5,'2015-01-22 00:01:00','none','nyyyyn'),(259,'Magneto',2,'2015-01-18 00:06:00','none','nyyyyy'),(260,'Magneto (Marvel Now)',2,'2015-01-27 00:08:00','https://forums.playcontestofchampions.com/en/discussion/comment/34#Comment_34','nyyynn'),(261,'Moon Knight',3,'2015-01-24 00:09:00','https://forums.playcontestofchampions.com/en/discussion/comment/30#Comment_30','nyyyyy'),(262,'Ms. Marvel',0,'2015-02-04 00:00:00','none','nnyynn'),(263,'Ms. Marvel (Kamala Khan)',0,'2016-01-31 00:03:00','https://forums.playcontestofchampions.com/en/discussion/comment/47#Comment_47','nyyyyy'),(264,'Nightcrawler',2,'2016-07-07 00:00:00','https://playcontestofchampions.com/champion-spotlight-nightcrawler','nyyyyy'),(265,'Old-Man Logan',2,'2016-04-02 00:00:00','https://forums.playcontestofchampions.com/en/discussion/comment/43#Comment_43','nyyyyn'),(266,'Punisher',3,'2014-10-12 00:00:00','none','nyyyyn'),(267,'Red Hulk',4,'2016-01-28 00:04:00','https://forums.playcontestofchampions.com/en/discussion/comment/49#Comment_49','nyyyyy'),(268,'Rhino',4,'2014-10-12 00:00:00','none','nyyyyy'),(269,'Rocket Raccoon',1,'2015-05-03 00:00:00','none','nyyyyy'),(270,'Ronan',0,'2014-10-12 00:00:00','none','nyyyyn'),(271,'Scarlet Witch',5,'2014-10-12 00:00:00','none','yyyynn'),(272,'She-Hulk',4,'2016-03-03 00:00:00','https://forums.playcontestofchampions.com/en/discussion/126185/she-hulk-update-spotlight','nyyyyn'),(273,'Spider-Gwen',4,'2015-12-11 00:00:00','https://forums.playcontestofchampions.com/en/discussion/126184/spider-gwen-update-spotlight','nyyyyn'),(274,'Spider-Man (Classic)',4,'2014-10-12 00:00:00','none','yyyyyn'),(275,'Spider-Man (Symbiote)',0,'2015-10-09 00:00:00','https://forums.playcontestofchampions.com/en/discussion/comment/38#Comment_38','nyyyyn'),(276,'Spider-Man Morales',4,'2016-07-01 00:00:00','https://forums.playcontestofchampions.com/en/discussion/comment/41#Comment_41','nyyyyy'),(277,'Star-Lord',1,'2014-10-12 00:00:00','none','nyyyyn'),(278,'Storm',2,'2014-10-12 00:00:00','none','nyyyyy'),(279,'Superior Iron Man',0,'2015-01-19 00:02:00','none','nyyyyn'),(280,'Thor',0,'2014-10-12 00:00:00','none','nyyyyn'),(281,'Thor (Jane Foster)',5,'2015-10-12 00:00:00','https://forums.playcontestofchampions.com/en/discussion/comment/39#Comment_39','nyyyyy'),(282,'Ultron Prime',1,'2015-04-06 00:00:00','none','nyyyyn'),(283,'Unstoppable Colossus',5,'2015-01-25 00:02:00','none','nyyyyn'),(284,'Venom',0,'2015-01-29 00:10:00','https://forums.playcontestofchampions.com/en/discussion/comment/36#Comment_36','nyyyyn'),(285,'Venompool',0,'2016-01-18 00:02:00','https://forums.playcontestofchampions.com/en/discussion/comment/44#Comment_44','nyyyyn'),(286,'Vision',1,'2014-10-12 00:00:00','none','yyyyyn'),(287,'Vision (Age of Ultron)',1,'2015-01-14 00:05:00','none','yyyynn'),(288,'War Machine',1,'2015-01-13 00:08:00','https://forums.playcontestofchampions.com/en/discussion/comment/19#Comment_19','nyyynn'),(289,'Winter Soldier',3,'2014-10-12 00:00:00','none','nyyyyy'),(290,'Wolverine',2,'2014-10-12 00:00:00','none','yyyynn'),(291,'Wolverine (X-23)',2,'2016-01-17 00:03:00','https://forums.playcontestofchampions.com/en/discussion/comment/46#Comment_46','nyyyyn'),(292,'Yellowjacket',4,'2015-01-30 00:07:00','none','nyyyyy');
/*!40000 ALTER TABLE `marvel_heroe` ENABLE KEYS */;
UNLOCK TABLES;

--
-- Table structure for table `marvel_heroe_ability`
--

DROP TABLE IF EXISTS `marvel_heroe_ability`;
/*!40101 SET @saved_cs_client     = @@character_set_client */;
/*!40101 SET character_set_client = utf8 */;
CREATE TABLE `marvel_heroe_ability` (
  `heroe_id` int(11) NOT NULL,
  `ability_id` int(11) NOT NULL,
  `type` int(1) NOT NULL,
  PRIMARY KEY (`heroe_id`,`ability_id`,`type`),
  KEY `fk_marvel_heroe_ability_ability_id` (`ability_id`),
  CONSTRAINT `fk_marvel_heroe_ability_ability_id` FOREIGN KEY (`ability_id`) REFERENCES `marvel_ability` (`id`) ON DELETE CASCADE ON UPDATE NO ACTION,
  CONSTRAINT `fk_marvel_heroe_ability_heroe_id` FOREIGN KEY (`heroe_id`) REFERENCES `marvel_heroe` (`id`) ON DELETE CASCADE ON UPDATE NO ACTION
) ENGINE=InnoDB DEFAULT CHARSET=utf8;
/*!40101 SET character_set_client = @saved_cs_client */;

--
-- Dumping data for table `marvel_heroe_ability`
--

LOCK TABLES `marvel_heroe_ability` WRITE;
/*!40000 ALTER TABLE `marvel_heroe_ability` DISABLE KEYS */;
INSERT INTO `marvel_heroe_ability` VALUES (151,7,0),(190,7,0),(197,7,0),(201,7,0),(207,7,0),(217,7,0),(218,7,0),(220,7,0),(147,8,0),(152,8,0),(155,8,0),(158,8,0),(162,8,0),(164,8,0),(170,8,0),(173,8,0),(177,8,0),(179,8,0),(182,8,0),(194,8,0),(197,8,0),(198,8,0),(208,8,0),(211,8,0),(213,8,0),(217,8,0),(218,8,0),(228,8,0),(231,8,0),(239,8,0),(247,8,0),(254,8,0),(261,8,0),(262,8,0),(263,8,0),(266,8,0),(268,8,0),(277,8,0),(280,8,0),(283,8,0),(284,8,0),(289,8,0),(148,9,0),(186,9,0),(187,9,0),(203,9,0),(208,9,0),(218,9,0),(222,9,0),(228,9,0),(247,9,0),(253,9,0),(262,9,0),(263,9,0),(270,9,0),(272,9,0),(151,10,0),(153,10,0),(159,10,0),(175,10,0),(177,10,0),(186,10,0),(187,10,0),(196,10,0),(199,10,0),(203,10,0),(208,10,0),(217,10,0),(218,10,0),(222,10,0),(228,10,0),(247,10,0),(253,10,0),(262,10,0),(263,10,0),(272,10,0),(282,10,0),(286,10,0),(287,10,0),(155,11,0),(155,12,0),(219,12,0),(155,13,0),(147,14,0),(155,14,0),(157,14,0),(166,14,0),(167,14,0),(170,14,0),(173,14,0),(176,14,0),(180,14,0),(181,14,0),(184,14,0),(185,14,0),(187,14,0),(194,14,0),(195,14,0),(201,14,0),(202,14,0),(205,14,0),(207,14,0),(212,14,0),(219,14,0),(221,14,0),(223,14,0),(224,14,0),(227,14,0),(236,14,0),(237,14,0),(239,14,0),(241,14,0),(242,14,0),(244,14,0),(245,14,0),(246,14,0),(253,14,0),(259,14,0),(260,14,0),(261,14,0),(264,14,0),(265,14,0),(266,14,0),(269,14,0),(282,14,0),(284,14,0),(285,14,0),(288,14,0),(289,14,0),(290,14,0),(291,14,0),(147,15,0),(149,15,0),(152,15,0),(155,15,0),(162,15,0),(165,15,0),(167,15,0),(177,15,0),(183,15,0),(192,15,0),(193,15,0),(201,15,0),(208,15,0),(213,15,0),(214,15,0),(217,15,0),(221,15,0),(222,15,0),(224,15,0),(226,15,0),(227,15,0),(235,15,0),(240,15,0),(243,15,0),(247,15,0),(253,15,0),(255,15,0),(256,15,0),(257,15,0),(270,15,0),(272,15,0),(273,15,0),(278,15,0),(280,15,0),(281,15,0),(282,15,0),(219,16,0),(145,17,0),(154,17,0),(166,17,0),(169,17,0),(175,17,0),(180,17,0),(186,17,0),(190,17,0),(191,17,0),(204,17,0),(205,17,0),(208,17,0),(213,17,0),(219,17,0),(231,17,0),(242,17,0),(267,17,0),(289,17,0),(161,18,0),(165,18,0),(188,18,0),(219,18,0),(231,18,0),(188,19,0),(219,19,0),(231,19,0),(167,20,0),(179,20,0),(193,20,0),(197,20,0),(198,20,0),(204,20,0),(206,20,0),(236,20,0),(265,20,0),(290,20,0),(291,20,0),(164,21,0),(194,21,0),(195,21,0),(198,21,0),(223,21,0),(225,21,0),(232,21,0),(233,21,0),(234,21,0),(235,21,0),(241,21,0),(249,21,0),(250,21,0),(261,21,0),(264,21,0),(271,21,0),(274,21,0),(275,21,0),(292,21,0),(153,22,0),(158,22,0),(162,22,0),(163,22,0),(176,22,0),(191,22,0),(198,22,0),(207,22,0),(211,22,0),(217,22,0),(224,22,0),(229,22,0),(230,22,0),(248,22,0),(251,22,0),(252,22,0),(268,22,0),(279,22,0),(282,22,0),(283,22,0),(288,22,0),(149,23,0),(153,23,0),(167,23,0),(179,23,0),(193,23,0),(197,23,0),(198,23,0),(204,23,0),(206,23,0),(236,23,0),(265,23,0),(290,23,0),(291,23,0),(146,24,0),(150,24,0),(161,24,0),(171,24,0),(146,25,0),(149,25,0),(146,26,0),(154,26,0),(186,26,0),(199,26,0),(146,27,0),(186,27,0),(146,28,0),(169,28,0),(171,28,0),(186,28,0),(146,29,0),(146,30,0),(146,31,0),(146,32,0),(146,33,0),(148,33,0),(161,33,0),(162,33,0),(169,33,0),(171,33,0),(146,34,0),(162,34,0),(171,34,0),(172,34,0),(176,34,0),(216,34,0),(146,35,0),(161,35,0),(171,35,0),(146,36,0),(161,36,0),(146,37,0),(147,37,0),(146,38,0),(163,38,0),(169,38,0),(146,39,0),(171,39,0),(220,40,0),(226,40,0),(273,40,0),(220,41,0),(201,42,0),(165,43,0),(168,43,0),(171,43,0),(201,43,0),(202,43,0),(214,43,0),(225,43,0),(229,43,0),(243,43,0),(259,43,0),(260,43,0),(272,43,0),(285,43,0),(221,44,0),(221,45,0),(221,46,0),(221,47,0),(229,47,0),(243,47,0),(216,48,0),(221,48,0),(229,48,0),(243,48,0),(174,49,0),(174,50,0),(174,51,0),(174,52,0),(150,53,0),(159,53,0),(167,53,0),(172,53,0),(174,53,0),(148,54,0),(178,54,0),(211,54,0),(222,54,0),(228,54,0),(262,54,0),(270,54,0),(280,54,0),(148,55,0),(156,55,0),(162,55,0),(169,55,0),(171,55,0),(175,55,0),(179,55,0),(181,55,0),(182,55,0),(183,55,0),(187,55,0),(193,55,0),(195,55,0),(197,55,0),(208,55,0),(213,55,0),(222,55,0),(232,55,0),(233,55,0),(234,55,0),(241,55,0),(248,55,0),(249,55,0),(250,55,0),(251,55,0),(252,55,0),(259,55,0),(260,55,0),(269,55,0),(270,55,0),(274,55,0),(275,55,0),(279,55,0),(288,55,0),(224,56,0),(224,57,0),(224,58,0),(192,59,0),(217,59,0),(225,59,0),(234,59,0),(264,59,0),(276,59,0),(282,59,0),(154,60,0),(164,60,0),(194,60,0),(225,60,0),(244,60,0),(269,60,0),(291,60,0),(162,61,0),(183,61,0),(184,61,0),(185,61,0),(237,61,0),(184,62,0),(181,63,0),(184,63,0),(197,63,0),(206,63,0),(215,63,0),(216,63,0),(184,64,0),(197,64,0),(204,64,0),(206,64,0),(215,64,0),(216,64,0),(265,64,0),(149,65,0),(159,65,0),(165,65,0),(204,65,0),(214,65,0),(243,65,0),(176,66,0),(204,66,0),(284,66,0),(157,67,0),(160,67,0),(203,67,0),(204,67,0),(210,67,0),(204,68,0),(216,68,0),(226,69,0),(227,69,0),(234,69,0),(235,69,0),(170,70,0),(170,71,0),(170,72,0),(165,73,0),(170,73,0),(170,74,0),(154,75,0),(170,75,0),(163,76,0),(170,76,0),(148,77,0),(148,78,0),(147,79,0),(148,79,0),(154,79,0),(168,79,0),(200,79,0),(208,79,0),(210,79,0),(148,80,0),(257,80,0),(148,81,0),(171,81,0),(159,82,0),(182,82,0),(194,82,0),(216,82,0),(266,82,0),(163,83,0),(172,83,0),(175,83,0),(177,83,0),(189,83,0),(193,83,0),(195,83,0),(211,83,0),(217,83,0),(229,83,0),(255,83,0),(259,83,0),(260,83,0),(285,83,0),(286,83,0),(287,83,0),(158,84,0),(163,84,0),(190,84,0),(191,84,0),(196,84,0),(200,84,0),(203,84,0),(229,84,0),(246,84,0),(255,84,0),(229,85,0),(229,86,0),(229,87,0),(189,88,0),(193,88,0),(195,88,0),(211,88,0),(229,88,0),(245,88,0),(255,88,0),(259,88,0),(260,88,0),(285,88,0),(287,88,0),(165,89,0),(172,89,0),(175,89,0),(177,89,0),(189,89,0),(193,89,0),(195,89,0),(211,89,0),(229,89,0),(245,89,0),(255,89,0),(259,89,0),(260,89,0),(285,89,0),(287,89,0),(165,90,0),(178,90,0),(189,90,0),(191,90,0),(196,90,0),(200,90,0),(203,90,0),(209,90,0),(229,90,0),(246,90,0),(255,90,0),(258,90,0),(277,90,0),(286,90,0),(287,90,0),(289,90,0),(292,90,0),(159,91,0),(185,91,0),(197,91,0),(203,91,0),(206,91,0),(212,91,0),(230,91,0),(257,91,0),(283,91,0),(152,92,0),(153,92,0),(159,92,0),(169,92,0),(171,92,0),(175,92,0),(185,92,0),(196,92,0),(197,92,0),(199,92,0),(203,92,0),(206,92,0),(212,92,0),(217,92,0),(230,92,0),(257,92,0),(265,92,0),(282,92,0),(283,92,0),(286,92,0),(287,92,0),(171,93,0),(171,94,0),(171,95,0),(152,96,0),(153,96,0),(161,96,0),(169,96,0),(171,96,0),(175,96,0),(196,96,0),(199,96,0),(217,96,0),(282,96,0),(286,96,0),(287,96,0),(152,97,0),(161,97,0),(171,97,0),(240,97,0),(171,98,0),(159,99,0),(169,99,0),(171,99,0),(173,99,0),(186,99,0),(152,100,0),(171,100,0),(196,100,0),(240,100,0),(278,100,0),(280,100,0),(281,100,0),(231,101,0),(147,102,0),(205,102,0),(216,102,0),(231,102,0),(241,102,0),(242,102,0),(216,103,0),(232,103,0),(249,103,0),(250,103,0),(274,103,0),(275,103,0),(234,104,0),(153,105,0),(153,106,0),(175,106,0),(196,106,0),(217,106,0),(282,106,0),(286,106,0),(287,106,0),(153,107,0),(153,108,0),(163,108,0),(169,108,0),(183,108,0),(196,108,0),(202,108,0),(207,108,0),(277,108,0),(278,108,0),(281,108,0),(153,109,0),(175,109,0),(177,109,0),(196,109,0),(199,109,0),(217,109,0),(267,109,0),(282,109,0),(286,109,0),(287,109,0),(153,110,0),(192,110,0),(147,111,0),(153,111,0),(166,111,0),(153,112,0),(169,112,0),(151,113,0),(151,114,0),(189,115,0),(189,116,0),(196,116,0),(200,116,0),(203,116,0),(258,116,0),(238,117,0),(238,118,0),(209,119,0),(200,120,0),(203,120,0),(209,120,0),(286,120,0),(287,120,0),(149,121,0),(209,121,0),(168,122,0),(168,123,0),(168,124,0),(165,125,0),(168,125,0),(181,125,0),(168,126,0),(176,126,0),(163,127,0),(168,127,0),(177,127,0),(185,128,0),(203,128,0),(258,128,0),(271,128,0),(240,129,0),(241,130,0),(159,131,0),(167,131,0),(159,132,0),(165,132,0),(292,132,0),(159,133,0),(150,134,0),(154,134,0),(159,134,0),(178,134,0),(186,134,0),(191,134,0),(199,134,0),(159,135,0),(159,136,0),(159,137,0),(257,137,0),(159,138,0),(242,139,0),(243,140,0),(164,141,0),(212,142,0),(212,143,0),(212,144,0),(152,145,0),(190,145,0),(165,146,0),(190,146,0),(270,146,0),(274,146,0),(275,146,0),(276,146,0),(206,147,0),(206,148,0),(245,149,0),(177,150,0),(205,150,0),(150,151,0),(150,152,0),(150,153,0),(162,154,0),(149,155,0),(162,155,0),(162,156,0),(207,157,0),(207,158,0),(177,159,0),(169,160,0),(177,160,0),(177,161,0),(145,162,0),(145,163,0),(145,164,0),(145,165,0),(161,165,0),(145,166,0),(145,167,0),(145,168,0),(145,169,0),(208,170,0),(199,171,0),(199,172,0),(199,173,0),(147,174,0),(172,174,0),(178,174,0),(199,174,0),(216,174,0),(250,175,0),(169,176,0),(169,177,0),(169,178,0),(169,179,0),(169,180,0),(169,181,0),(169,182,0),(169,183,0),(253,184,0),(161,185,0),(176,185,0),(188,185,0),(254,185,0),(254,186,0),(254,187,0),(281,187,0),(216,188,0),(216,189,0),(216,190,0),(176,191,0),(176,192,0),(176,193,0),(188,194,0),(188,195,0),(256,195,0),(161,196,0),(161,197,0),(161,198,0),(161,199,0),(161,200,0),(163,200,0),(161,201,0),(161,202,0),(256,203,0),(256,204,0),(257,205,0),(257,206,0),(181,207,0),(257,207,0),(180,208,0),(180,209,0),(180,210,0),(215,211,0),(258,211,0),(258,212,0),(258,213,0),(259,214,0),(260,214,0),(166,215,0),(166,216,0),(187,217,0),(156,218,0),(173,218,0),(185,218,0),(186,218,0),(186,219,0),(173,220,0),(186,220,0),(149,221,0),(149,222,0),(149,223,0),(149,224,0),(149,225,0),(149,226,0),(210,227,0),(210,228,0),(210,229,0),(263,230,0),(196,231,0),(196,232,0),(196,233,0),(147,234,0),(147,235,0),(147,236,0),(147,237,0),(154,238,0),(192,238,0),(278,238,0),(281,238,0),(154,239,0),(154,240,0),(264,241,0),(265,242,0),(265,243,0),(160,244,0),(160,245,0),(160,246,0),(156,247,0),(172,247,0),(172,248,0),(165,249,0),(172,249,0),(178,249,0),(266,250,0),(193,251,0),(193,252,0),(214,253,0),(267,254,0),(163,255,0),(268,256,0),(269,257,0),(215,258,0),(215,259,0),(215,260,0),(173,261,0),(173,262,0),(271,263,0),(271,264,0),(175,265,0),(175,266,0),(272,267,0),(273,268,0),(192,269,0),(192,270,0),(192,271,0),(192,272,0),(192,273,0),(289,273,0),(277,274,0),(278,275,0),(280,275,0),(281,275,0),(181,276,0),(156,277,0),(156,278,0),(202,279,0),(202,280,0),(202,281,0),(152,282,0),(152,283,0),(152,284,0),(152,285,0),(152,286,0),(152,287,0),(152,288,0),(152,289,0),(152,290,0),(280,291,0),(281,292,0),(183,293,0),(217,294,0),(282,294,0),(282,295,0),(282,296,0),(284,297,0),(284,298,0),(284,299,0),(157,300,0),(157,301,0),(285,302,0),(178,303,0),(178,304,0),(178,305,0),(178,306,0),(178,307,0),(191,308,0),(191,309,0),(191,310,0),(165,311,0),(165,312,0),(289,313,0);
/*!40000 ALTER TABLE `marvel_heroe_ability` ENABLE KEYS */;
UNLOCK TABLES;

--
-- Table structure for table `marvel_heroe_hashtag`
--

DROP TABLE IF EXISTS `marvel_heroe_hashtag`;
/*!40101 SET @saved_cs_client     = @@character_set_client */;
/*!40101 SET character_set_client = utf8 */;
CREATE TABLE `marvel_heroe_hashtag` (
  `heroe_id` int(11) NOT NULL,
  `hashtag_id` int(11) NOT NULL,
  PRIMARY KEY (`heroe_id`,`hashtag_id`),
  KEY `fk_marvel_heroe_hashtag_hashtag_id` (`hashtag_id`),
  CONSTRAINT `fk_marvel_heroe_hashtag_hashtag_id` FOREIGN KEY (`hashtag_id`) REFERENCES `marvel_hashtag` (`id`) ON DELETE CASCADE ON UPDATE NO ACTION,
  CONSTRAINT `fk_marvel_heroe_hashtag_heroe_id` FOREIGN KEY (`heroe_id`) REFERENCES `marvel_heroe` (`id`) ON DELETE CASCADE ON UPDATE NO ACTION
) ENGINE=InnoDB DEFAULT CHARSET=utf8;
/*!40101 SET character_set_client = @saved_cs_client */;

--
-- Dumping data for table `marvel_heroe_hashtag`
--

LOCK TABLES `marvel_heroe_hashtag` WRITE;
/*!40000 ALTER TABLE `marvel_heroe_hashtag` DISABLE KEYS */;
INSERT INTO `marvel_heroe_hashtag` VALUES (145,70),(147,70),(157,70),(160,70),(166,70),(178,70),(186,70),(190,70),(196,70),(199,70),(201,70),(205,70),(219,70),(223,70),(237,70),(239,70),(246,70),(259,70),(260,70),(266,70),(267,70),(277,70),(288,70),(291,70),(145,71),(147,71),(148,71),(150,71),(152,71),(153,71),(154,71),(155,71),(159,71),(161,71),(162,71),(165,71),(168,71),(169,71),(170,71),(174,71),(177,71),(179,71),(183,71),(184,71),(187,71),(192,71),(198,71),(199,71),(200,71),(201,71),(204,71),(205,71),(206,71),(207,71),(208,71),(209,71),(212,71),(213,71),(214,71),(215,71),(219,71),(220,71),(221,71),(222,71),(223,71),(224,71),(226,71),(227,71),(228,71),(229,71),(230,71),(232,71),(234,71),(235,71),(238,71),(239,71),(242,71),(243,71),(244,71),(245,71),(246,71),(247,71),(248,71),(249,71),(250,71),(251,71),(258,71),(262,71),(263,71),(264,71),(265,71),(266,71),(269,71),(271,71),(272,71),(273,71),(274,71),(275,71),(276,71),(277,71),(278,71),(279,71),(280,71),(281,71),(286,71),(287,71),(288,71),(290,71),(291,71),(145,72),(145,73),(145,74),(147,74),(150,74),(151,74),(153,74),(154,74),(155,74),(158,74),(163,74),(166,74),(167,74),(169,74),(170,74),(171,74),(176,74),(178,74),(179,74),(181,74),(184,74),(186,74),(189,74),(190,74),(191,74),(193,74),(194,74),(195,74),(199,74),(201,74),(202,74),(209,74),(210,74),(212,74),(216,74),(217,74),(219,74),(220,74),(222,74),(223,74),(224,74),(226,74),(227,74),(229,74),(232,74),(233,74),(234,74),(235,74),(236,74),(237,74),(238,74),(242,74),(243,74),(246,74),(251,74),(252,74),(255,74),(256,74),(259,74),(260,74),(261,74),(264,74),(265,74),(266,74),(277,74),(279,74),(286,74),(287,74),(288,74),(289,74),(290,74),(292,74),(145,75),(147,75),(150,75),(151,75),(153,75),(154,75),(155,75),(158,75),(163,75),(166,75),(167,75),(169,75),(170,75),(171,75),(176,75),(178,75),(179,75),(181,75),(184,75),(186,75),(189,75),(190,75),(191,75),(193,75),(194,75),(195,75),(199,75),(201,75),(202,75),(209,75),(210,75),(212,75),(216,75),(217,75),(219,75),(220,75),(222,75),(223,75),(224,75),(226,75),(227,75),(229,75),(232,75),(233,75),(234,75),(235,75),(236,75),(237,75),(238,75),(242,75),(243,75),(246,75),(251,75),(252,75),(255,75),(256,75),(259,75),(260,75),(261,75),(264,75),(265,75),(266,75),(277,75),(279,75),(286,75),(287,75),(288,75),(289,75),(290,75),(292,75),(145,76),(147,76),(149,76),(150,76),(151,76),(152,76),(153,76),(154,76),(155,76),(156,76),(157,76),(158,76),(160,76),(161,76),(162,76),(163,76),(166,76),(167,76),(169,76),(170,76),(171,76),(173,76),(174,76),(175,76),(176,76),(177,76),(178,76),(179,76),(180,76),(181,76),(183,76),(184,76),(186,76),(188,76),(189,76),(190,76),(191,76),(192,76),(193,76),(194,76),(195,76),(197,76),(199,76),(201,76),(202,76),(203,76),(204,76),(206,76),(207,76),(208,76),(209,76),(210,76),(211,76),(212,76),(216,76),(217,76),(218,76),(219,76),(220,76),(221,76),(222,76),(223,76),(224,76),(226,76),(227,76),(229,76),(230,76),(231,76),(232,76),(233,76),(234,76),(235,76),(236,76),(237,76),(238,76),(239,76),(240,76),(242,76),(243,76),(246,76),(247,76),(248,76),(249,76),(250,76),(251,76),(252,76),(253,76),(254,76),(255,76),(256,76),(257,76),(259,76),(260,76),(261,76),(264,76),(265,76),(266,76),(267,76),(268,76),(269,76),(270,76),(274,76),(275,76),(276,76),(277,76),(279,76),(280,76),(282,76),(283,76),(284,76),(285,76),(286,76),(287,76),(288,76),(289,76),(290,76),(292,76),(145,77),(147,77),(148,77),(149,77),(150,77),(151,77),(152,77),(146,78),(147,79),(148,79),(150,79),(154,79),(155,79),(157,79),(160,79),(165,79),(166,79),(168,79),(171,79),(172,79),(173,79),(174,79),(176,79),(178,79),(179,79),(182,79),(185,79),(186,79),(187,79),(188,79),(190,79),(194,79),(196,79),(197,79),(198,79),(199,79),(201,79),(204,79),(205,79),(213,79),(214,79),(216,79),(219,79),(221,79),(222,79),(223,79),(225,79),(228,79),(231,79),(232,79),(233,79),(234,79),(235,79),(237,79),(239,79),(240,79),(241,79),(243,79),(244,79),(246,79),(249,79),(250,79),(259,79),(260,79),(261,79),(262,79),(263,79),(265,79),(266,79),(267,79),(269,79),(272,79),(277,79),(278,79),(280,79),(281,79),(288,79),(289,79),(291,79),(147,80),(152,80),(153,80),(156,80),(161,80),(167,80),(170,80),(172,80),(175,80),(176,80),(178,80),(180,80),(183,80),(184,80),(192,80),(195,80),(206,80),(208,80),(211,80),(217,80),(218,80),(220,80),(224,80),(226,80),(227,80),(229,80),(230,80),(236,80),(247,80),(248,80),(251,80),(252,80),(253,80),(254,80),(255,80),(257,80),(264,80),(268,80),(273,80),(274,80),(275,80),(279,80),(282,80),(283,80),(284,80),(290,80),(147,81),(156,81),(167,81),(170,81),(172,81),(176,81),(178,81),(183,81),(184,81),(192,81),(195,81),(217,81),(236,81),(253,81),(264,81),(273,81),(274,81),(275,81),(282,81),(283,81),(290,81),(147,82),(209,82),(214,82),(225,82),(226,82),(227,82),(246,82),(258,82),(147,83),(209,83),(214,83),(225,83),(226,83),(227,83),(246,83),(258,83),(148,84),(148,85),(228,85),(262,85),(270,85),(148,86),(215,86),(228,86),(262,86),(263,86),(271,86),(272,86),(148,87),(159,87),(164,87),(165,87),(168,87),(172,87),(182,87),(187,87),(192,87),(196,87),(198,87),(200,87),(205,87),(213,87),(214,87),(215,87),(225,87),(228,87),(240,87),(241,87),(244,87),(245,87),(249,87),(250,87),(258,87),(262,87),(263,87),(269,87),(271,87),(273,87),(274,87),(275,87),(276,87),(278,87),(281,87),(291,87),(148,88),(159,88),(164,88),(165,88),(168,88),(172,88),(182,88),(187,88),(192,88),(196,88),(198,88),(200,88),(205,88),(213,88),(214,88),(215,88),(225,88),(228,88),(240,88),(241,88),(244,88),(245,88),(249,88),(250,88),(258,88),(262,88),(263,88),(269,88),(271,88),(273,88),(274,88),(275,88),(276,88),(278,88),(281,88),(291,88),(148,89),(159,89),(164,89),(165,89),(168,89),(172,89),(182,89),(185,89),(187,89),(196,89),(198,89),(200,89),(205,89),(213,89),(214,89),(215,89),(225,89),(228,89),(241,89),(244,89),(245,89),(258,89),(262,89),(263,89),(271,89),(272,89),(273,89),(278,89),(281,89),(291,89),(149,90),(151,90),(158,90),(162,90),(163,90),(164,90),(169,90),(181,90),(189,90),(191,90),(193,90),(200,90),(202,90),(203,90),(207,90),(209,90),(210,90),(212,90),(215,90),(238,90),(242,90),(245,90),(256,90),(258,90),(270,90),(271,90),(276,90),(285,90),(286,90),(287,90),(292,90),(149,91),(163,91),(181,91),(189,91),(193,91),(200,91),(203,91),(209,91),(238,91),(256,91),(258,91),(271,91),(276,91),(286,91),(287,91),(292,91),(149,92),(151,92),(157,92),(160,92),(163,92),(164,92),(175,92),(176,92),(178,92),(180,92),(181,92),(182,92),(185,92),(186,92),(188,92),(189,92),(190,92),(191,92),(193,92),(194,92),(197,92),(202,92),(203,92),(210,92),(211,92),(217,92),(218,92),(231,92),(233,92),(240,92),(252,92),(253,92),(254,92),(255,92),(256,92),(259,92),(260,92),(267,92),(268,92),(270,92),(282,92),(283,92),(284,92),(285,92),(292,92),(149,93),(156,93),(160,93),(161,93),(162,93),(173,93),(174,93),(183,93),(185,93),(204,93),(207,93),(208,93),(221,93),(230,93),(231,93),(239,93),(257,93),(270,93),(272,93),(280,93),(282,93),(283,93),(149,94),(156,94),(160,94),(161,94),(162,94),(173,94),(174,94),(183,94),(185,94),(204,94),(207,94),(208,94),(221,94),(230,94),(231,94),(239,94),(257,94),(270,94),(272,94),(280,94),(282,94),(283,94),(150,95),(154,95),(165,95),(168,95),(171,95),(172,95),(174,95),(176,95),(179,95),(187,95),(204,95),(213,95),(225,95),(232,95),(233,95),(240,95),(243,95),(244,95),(249,95),(250,95),(265,95),(269,95),(278,95),(280,95),(281,95),(150,96),(159,96),(168,96),(174,96),(199,96),(200,96),(201,96),(204,96),(213,96),(215,96),(221,96),(230,96),(232,96),(233,96),(236,96),(243,96),(258,96),(260,96),(264,96),(265,96),(278,96),(283,96),(290,96),(151,97),(158,97),(162,97),(164,97),(169,97),(191,97),(202,97),(207,97),(210,97),(212,97),(215,97),(242,97),(245,97),(270,97),(285,97),(152,98),(161,98),(175,98),(206,98),(208,98),(211,98),(218,98),(220,98),(247,98),(248,98),(254,98),(268,98),(284,98),(152,99),(157,99),(175,99),(177,99),(180,99),(188,99),(197,99),(203,99),(206,99),(211,99),(218,99),(247,99),(248,99),(253,99),(254,99),(267,99),(268,99),(284,99),(285,99),(152,100),(157,100),(175,100),(177,100),(180,100),(188,100),(197,100),(203,100),(206,100),(211,100),(218,100),(247,100),(248,100),(253,100),(254,100),(267,100),(268,100),(284,100),(285,100),(153,101),(180,101),(224,101),(226,101),(227,101),(229,101),(230,101),(251,101),(252,101),(255,101),(257,101),(279,101),(153,102),(175,102),(196,102),(217,102),(282,102),(286,102),(287,102),(153,103),(160,103),(163,103),(164,103),(165,103),(169,103),(175,103),(180,103),(183,103),(185,103),(189,103),(190,103),(191,103),(192,103),(193,103),(196,103),(198,103),(201,103),(204,103),(205,103),(207,103),(217,103),(220,103),(229,103),(230,103),(231,103),(242,103),(244,103),(245,103),(248,103),(251,103),(252,103),(255,103),(265,103),(282,103),(283,103),(286,103),(287,103),(288,103),(289,103),(290,103),(291,103),(292,103),(153,104),(154,104),(155,104),(156,104),(157,104),(158,104),(159,104),(160,104),(161,104),(162,104),(163,104),(164,104),(165,104),(166,104),(167,104),(168,104),(169,104),(170,104),(171,104),(172,104),(173,104),(174,104),(175,104),(176,104),(177,104),(178,104),(179,104),(155,105),(173,105),(177,105),(182,105),(185,105),(188,105),(194,105),(197,105),(198,105),(214,105),(216,105),(221,105),(222,105),(228,105),(231,105),(234,105),(235,105),(241,105),(261,105),(262,105),(263,105),(272,105),(289,105),(156,106),(157,107),(158,107),(194,107),(219,107),(275,107),(284,107),(285,107),(157,108),(175,108),(177,108),(180,108),(188,108),(197,108),(203,108),(206,108),(211,108),(218,108),(247,108),(248,108),(253,108),(254,108),(267,108),(268,108),(284,108),(285,108),(166,109),(167,109),(168,109),(173,109),(181,109),(195,109),(196,109),(205,109),(216,109),(225,109),(236,109),(237,109),(241,109),(257,109),(261,109),(289,109),(167,110),(167,111),(168,112),(200,112),(201,112),(204,112),(230,112),(237,112),(259,112),(278,112),(290,112),(291,112),(169,113),(170,113),(177,113),(183,113),(220,113),(223,113),(224,113),(225,113),(226,113),(242,113),(246,113),(247,113),(248,113),(251,113),(271,113),(280,113),(286,113),(287,113),(171,114),(172,114),(180,115),(181,115),(182,115),(183,115),(184,115),(185,115),(186,115),(187,115),(188,115),(189,115),(190,115),(191,115),(192,115),(193,115),(194,115),(195,115),(196,115),(197,115),(198,115),(199,115),(200,115),(201,115),(202,115),(203,115),(204,115),(205,115),(181,116),(212,116),(240,116),(241,116),(252,116),(254,116),(257,116),(267,116),(291,116),(185,117),(186,117),(202,117),(203,117),(212,117),(258,117),(187,118),(214,118),(216,118),(222,118),(263,118),(187,119),(189,120),(190,120),(240,120),(252,120),(268,120),(192,121),(273,121),(274,121),(276,121),(284,121),(192,122),(273,122),(274,122),(276,122),(284,122),(197,123),(211,123),(253,123),(255,123),(256,123),(282,123),(292,123),(206,124),(219,124),(239,124),(244,124),(269,124),(277,124),(206,125),(219,125),(239,125),(244,125),(269,125),(277,125),(206,126),(218,126),(220,126),(222,126),(223,126),(225,126),(226,126),(227,126),(228,126),(230,126),(233,126),(234,126),(235,126),(236,126),(237,126),(238,126),(239,126),(240,126),(241,126),(244,126),(245,126),(246,126),(247,126),(248,126),(249,126),(250,126),(251,126),(252,126),(253,126),(254,126),(255,126),(257,126),(258,126),(259,126),(260,126),(261,126),(262,126),(266,126),(268,126),(269,126),(270,126),(271,126),(273,126),(274,126),(275,126),(277,126),(278,126),(279,126),(280,126),(281,126),(282,126),(283,126),(284,126),(286,126),(287,126),(288,126),(289,126),(290,126),(292,126),(207,127),(212,127),(234,127),(235,127),(241,127),(250,127),(257,127),(261,127),(266,127),(207,128),(208,128),(209,128),(210,128),(211,128),(212,128),(213,128),(214,128),(215,128),(216,128),(217,128),(219,128),(221,128),(224,128),(229,128),(231,128),(232,128),(242,128),(243,128),(256,128),(263,128),(264,128),(265,128),(267,128),(272,128),(276,128),(285,128),(291,128),(208,129),(249,129),(274,129),(276,129),(281,129),(290,129),(212,130),(225,130),(263,130),(276,130),(218,131),(255,131),(280,131),(284,131),(221,132),(222,132),(223,132),(238,132),(247,132),(259,132),(279,132);
/*!40000 ALTER TABLE `marvel_heroe_hashtag` ENABLE KEYS */;
UNLOCK TABLES;

--
-- Table structure for table `marvel_heroe_synergy`
--

DROP TABLE IF EXISTS `marvel_heroe_synergy`;
/*!40101 SET @saved_cs_client     = @@character_set_client */;
/*!40101 SET character_set_client = utf8 */;
CREATE TABLE `marvel_heroe_synergy` (
  `heroe_parent_id` int(11) NOT NULL,
  `heroe_child_id` int(11) NOT NULL,
  `synergy_id` int(11) NOT NULL,
  PRIMARY KEY (`heroe_parent_id`,`heroe_child_id`,`synergy_id`),
  KEY `fk_marvel_heroe_has_marvel_heroe_marvel_heroe2_idx` (`heroe_child_id`),
  KEY `fk_marvel_heroe_has_marvel_heroe_marvel_heroe1_idx` (`heroe_parent_id`),
  KEY `fk_marvel_heroe_synergy_marvel_synergy1_idx` (`synergy_id`),
  CONSTRAINT `fk_marvel_heroe_has_marvel_heroe_marvel_heroe1` FOREIGN KEY (`heroe_parent_id`) REFERENCES `marvel_heroe` (`id`) ON DELETE NO ACTION ON UPDATE NO ACTION,
  CONSTRAINT `fk_marvel_heroe_has_marvel_heroe_marvel_heroe2` FOREIGN KEY (`heroe_child_id`) REFERENCES `marvel_heroe` (`id`) ON DELETE NO ACTION ON UPDATE NO ACTION,
  CONSTRAINT `fk_marvel_heroe_synergy_marvel_synergy1` FOREIGN KEY (`synergy_id`) REFERENCES `marvel_synergy` (`id`) ON DELETE NO ACTION ON UPDATE NO ACTION
) ENGINE=InnoDB DEFAULT CHARSET=utf8;
/*!40101 SET character_set_client = @saved_cs_client */;

--
-- Dumping data for table `marvel_heroe_synergy`
--

LOCK TABLES `marvel_heroe_synergy` WRITE;
/*!40000 ALTER TABLE `marvel_heroe_synergy` DISABLE KEYS */;
/*!40000 ALTER TABLE `marvel_heroe_synergy` ENABLE KEYS */;
UNLOCK TABLES;

--
-- Table structure for table `marvel_synergy`
--

DROP TABLE IF EXISTS `marvel_synergy`;
/*!40101 SET @saved_cs_client     = @@character_set_client */;
/*!40101 SET character_set_client = utf8 */;
CREATE TABLE `marvel_synergy` (
  `id` int(11) NOT NULL AUTO_INCREMENT,
  `name` varchar(45) NOT NULL,
  `all_bonus` varchar(200) DEFAULT NULL,
  `star` int(1) DEFAULT NULL,
  `parent_bonus` varchar(200) DEFAULT NULL,
  `child_bonus` varchar(200) DEFAULT NULL,
  PRIMARY KEY (`id`)
) ENGINE=InnoDB AUTO_INCREMENT=8 DEFAULT CHARSET=utf8;
/*!40101 SET character_set_client = @saved_cs_client */;

--
-- Dumping data for table `marvel_synergy`
--

LOCK TABLES `marvel_synergy` WRITE;
/*!40000 ALTER TABLE `marvel_synergy` DISABLE KEYS */;
INSERT INTO `marvel_synergy` VALUES (1,'Enemies Level 1','+85 Critical Rating',2,NULL,NULL),(2,'Enemies Level 2','+115 Critical Rating',3,NULL,NULL),(3,'Enemies Level 3','+155 Critical Rating',4,NULL,NULL),(4,'Friends Level 1','+70 Armor Rating',2,NULL,NULL),(5,'Friends Level 2','+95 Armor Rating',3,NULL,NULL),(6,'Friends Level 3','+130 Armor Rating',4,NULL,NULL);
/*!40000 ALTER TABLE `marvel_synergy` ENABLE KEYS */;
UNLOCK TABLES;

--
-- Table structure for table `marvel_user`
--

DROP TABLE IF EXISTS `marvel_user`;
/*!40101 SET @saved_cs_client     = @@character_set_client */;
/*!40101 SET character_set_client = utf8 */;
CREATE TABLE `marvel_user` (
  `id` int(11) NOT NULL AUTO_INCREMENT,
  `name` varchar(40) NOT NULL,
  PRIMARY KEY (`id`)
) ENGINE=InnoDB DEFAULT CHARSET=utf8;
/*!40101 SET character_set_client = @saved_cs_client */;

--
-- Dumping data for table `marvel_user`
--

LOCK TABLES `marvel_user` WRITE;
/*!40000 ALTER TABLE `marvel_user` DISABLE KEYS */;
/*!40000 ALTER TABLE `marvel_user` ENABLE KEYS */;
UNLOCK TABLES;

--
-- Table structure for table `marvel_user_alliance`
--

DROP TABLE IF EXISTS `marvel_user_alliance`;
/*!40101 SET @saved_cs_client     = @@character_set_client */;
/*!40101 SET character_set_client = utf8 */;
CREATE TABLE `marvel_user_alliance` (
  `user_id` int(11) NOT NULL,
  `alliance_id` int(11) NOT NULL,
  `start_date` datetime NOT NULL,
  `end_date` datetime DEFAULT NULL,
  PRIMARY KEY (`user_id`,`alliance_id`),
  KEY `fk_marvel_user_alliance_alliance_id_idx` (`alliance_id`),
  CONSTRAINT `fk_marvel_user_alliance_alliance_id` FOREIGN KEY (`alliance_id`) REFERENCES `marvel_alliance` (`id`) ON DELETE CASCADE ON UPDATE NO ACTION,
  CONSTRAINT `fk_marvel_user_alliance_user_id` FOREIGN KEY (`user_id`) REFERENCES `marvel_user` (`id`) ON DELETE CASCADE ON UPDATE NO ACTION
) ENGINE=InnoDB DEFAULT CHARSET=utf8;
/*!40101 SET character_set_client = @saved_cs_client */;

--
-- Dumping data for table `marvel_user_alliance`
--

LOCK TABLES `marvel_user_alliance` WRITE;
/*!40000 ALTER TABLE `marvel_user_alliance` DISABLE KEYS */;
/*!40000 ALTER TABLE `marvel_user_alliance` ENABLE KEYS */;
UNLOCK TABLES;

--
-- Table structure for table `marvel_user_heroe`
--

DROP TABLE IF EXISTS `marvel_user_heroe`;
/*!40101 SET @saved_cs_client     = @@character_set_client */;
/*!40101 SET character_set_client = utf8 */;
CREATE TABLE `marvel_user_heroe` (
  `user_id` int(11) NOT NULL,
  `heroe_id` int(11) NOT NULL,
  `star` int(1) NOT NULL,
  `rank` int(1) NOT NULL,
  `level` int(2) NOT NULL,
  `health` int(5) DEFAULT NULL,
  `attack` int(5) DEFAULT NULL,
  `signature` varchar(45) DEFAULT NULL,
  PRIMARY KEY (`user_id`,`heroe_id`,`star`),
  KEY `fk_marvel_user_heroe_marvel_user1_idx` (`user_id`),
  KEY `fk_marvel_user_heroe_marvel_heroe1_idx` (`heroe_id`),
  CONSTRAINT `fk_marvel_user_heroe_marvel_heroe1` FOREIGN KEY (`heroe_id`) REFERENCES `marvel_heroe` (`id`) ON DELETE NO ACTION ON UPDATE NO ACTION,
  CONSTRAINT `fk_marvel_user_heroe_marvel_user1` FOREIGN KEY (`user_id`) REFERENCES `marvel_user` (`id`) ON DELETE NO ACTION ON UPDATE NO ACTION
) ENGINE=InnoDB DEFAULT CHARSET=utf8;
/*!40101 SET character_set_client = @saved_cs_client */;

--
-- Dumping data for table `marvel_user_heroe`
--

LOCK TABLES `marvel_user_heroe` WRITE;
/*!40000 ALTER TABLE `marvel_user_heroe` DISABLE KEYS */;
/*!40000 ALTER TABLE `marvel_user_heroe` ENABLE KEYS */;
UNLOCK TABLES;

--
-- Table structure for table `mc_af_ator_filme`
--

DROP TABLE IF EXISTS `mc_af_ator_filme`;
/*!40101 SET @saved_cs_client     = @@character_set_client */;
/*!40101 SET character_set_client = utf8 */;
CREATE TABLE `mc_af_ator_filme` (
  `af_ato_ator_id` int(11) NOT NULL,
  `af_fil_filme_id` int(11) NOT NULL,
  PRIMARY KEY (`af_ato_ator_id`,`af_fil_filme_id`),
  KEY `fk_mc_ato_ator_has_mc_fil_filme_mc_fil_filme1_idx` (`af_fil_filme_id`),
  KEY `fk_mc_ato_ator_has_mc_fil_filme_mc_ato_ator1_idx` (`af_ato_ator_id`),
  CONSTRAINT `fk_mc_ato_ator_has_mc_fil_filme_mc_ato_ator1` FOREIGN KEY (`af_ato_ator_id`) REFERENCES `mc_ato_ator` (`ato_ator_id`) ON DELETE NO ACTION ON UPDATE NO ACTION,
  CONSTRAINT `fk_mc_ato_ator_has_mc_fil_filme_mc_fil_filme1` FOREIGN KEY (`af_fil_filme_id`) REFERENCES `mc_fil_filme` (`fil_filme_id`) ON DELETE CASCADE ON UPDATE NO ACTION
) ENGINE=InnoDB DEFAULT CHARSET=utf8;
/*!40101 SET character_set_client = @saved_cs_client */;

--
-- Dumping data for table `mc_af_ator_filme`
--

LOCK TABLES `mc_af_ator_filme` WRITE;
/*!40000 ALTER TABLE `mc_af_ator_filme` DISABLE KEYS */;
INSERT INTO `mc_af_ator_filme` VALUES (3321,837),(3322,837),(3323,837),(3324,837),(3325,837),(3321,838),(3326,838),(3327,838),(3328,838),(3329,838),(3321,839),(3328,839),(3330,839),(3331,839),(3332,839),(3321,840),(3324,840),(3328,840),(3333,840),(3334,840),(3335,841),(3336,841),(3337,841),(3338,841),(3339,841),(3340,842),(3341,842),(3342,842),(3343,842),(3344,842),(3345,843),(3346,843),(3347,843),(3348,843),(3349,843),(3326,844),(3350,844),(3351,844),(3352,844),(3353,844),(3354,845),(3355,845),(3356,845),(3357,845),(3358,845),(3359,846),(3360,846),(3361,846),(3362,846),(3363,846),(3364,847),(3365,847),(3366,847),(3367,847),(3368,847),(3369,848),(3370,848),(3371,848),(3372,848),(3373,848),(3374,849),(3375,849),(3376,849),(3377,849),(3378,849),(3379,850),(3380,850),(3381,850),(3382,850),(3383,850),(3384,851),(3385,851),(3386,851),(3387,851),(3388,851),(3389,852),(3390,852),(3391,852),(3392,852),(3393,852),(3394,853),(3395,853),(3396,853),(3397,853),(3398,853),(3399,854),(3400,854),(3401,854),(3402,854),(3403,854),(3404,855),(3405,855),(3406,855),(3407,855),(3408,855),(3409,856),(3410,856),(3411,856),(3412,856),(3413,856),(3414,857),(3415,857),(3416,857),(3417,857),(3418,857),(3419,858),(3420,858),(3421,858),(3422,858),(3423,858),(3424,859),(3425,859),(3426,859),(3427,859),(3428,859),(3429,860),(3430,860),(3431,860),(3432,860),(3433,860),(3434,861),(3435,861),(3436,861),(3437,861),(3438,861),(3439,862),(3440,862),(3441,862),(3442,862),(3443,862),(3322,863),(3444,863),(3445,863),(3446,863),(3447,863),(3385,864),(3448,864),(3449,864),(3450,864),(3451,864),(3417,865),(3452,865),(3453,865),(3454,865),(3455,865),(3359,866),(3456,866),(3457,866),(3458,866),(3459,866),(3460,867),(3461,867),(3462,867),(3463,867),(3464,867),(3465,868),(3466,868),(3467,868),(3468,868),(3469,868),(3470,869),(3471,869),(3472,869),(3473,869),(3474,869),(3475,870),(3476,870),(3477,870),(3478,870),(3479,870),(3437,871),(3480,871),(3481,871),(3482,871),(3483,871),(3484,872),(3485,872),(3486,872),(3487,872),(3488,872),(3489,873),(3490,873),(3491,873),(3492,873),(3493,873),(3494,874),(3495,874),(3496,874),(3497,874),(3498,874),(3494,875),(3495,875),(3499,875),(3500,875),(3501,875),(3502,876),(3503,876),(3504,876),(3505,876),(3506,876),(3502,877),(3507,877),(3508,877),(3509,877),(3510,877),(3511,878),(3512,878),(3513,878),(3514,878),(3515,878),(3516,879),(3517,879),(3518,879),(3519,879),(3520,879),(3521,880),(3522,880),(3523,880),(3524,880),(3525,880),(3430,882),(3531,882),(3532,882),(3533,882),(3534,882),(3535,883),(3536,883),(3537,883),(3538,883),(3539,883),(3384,884),(3540,884),(3541,884),(3542,884),(3543,884),(3432,885),(3544,885),(3545,885),(3546,885),(3547,885),(3475,886),(3548,886),(3549,886),(3550,886),(3551,886),(3439,887),(3552,887),(3553,887),(3554,887),(3555,887),(3556,888),(3557,888),(3558,888),(3559,888),(3560,888),(3322,889),(3561,889),(3562,889),(3563,889),(3564,889),(3565,890),(3566,890),(3567,890),(3568,890),(3569,890),(3570,891),(3571,891),(3572,891),(3573,891),(3574,891),(3575,892),(3576,892),(3577,892),(3578,892),(3579,892),(3580,893),(3581,893),(3582,893),(3583,893),(3584,893),(3585,894),(3586,894),(3587,894),(3588,894),(3589,894),(3590,895),(3591,895),(3592,895),(3593,895),(3594,895),(3595,896),(3596,896),(3597,896),(3598,896),(3599,896),(3507,897),(3600,897),(3601,897),(3602,897),(3603,897),(3379,898),(3468,898),(3604,898),(3605,898),(3606,898),(3607,899),(3608,899),(3609,899),(3610,899),(3611,899),(3364,900),(3612,900),(3613,900),(3614,900),(3615,900),(3495,901),(3616,901),(3617,901),(3618,901),(3619,901),(3495,902),(3616,902),(3620,902),(3621,902),(3622,902),(3616,904),(3623,904),(3626,904),(3627,904),(3628,904),(3624,905),(3626,905),(3629,905),(3630,905),(3631,905),(3632,906),(3633,906),(3634,906),(3635,906),(3636,906),(3637,907),(3638,907),(3639,907),(3640,907),(3641,907),(3642,908),(3643,908),(3644,908),(3645,908),(3646,908),(3647,909),(3648,909),(3649,909),(3650,909),(3651,909),(3447,910),(3652,910),(3653,910),(3654,910),(3655,910),(3335,911),(3656,911),(3657,911),(3658,911),(3659,911),(3660,912),(3661,912),(3662,912),(3663,912),(3664,912),(3665,913),(3666,913),(3667,913),(3668,913),(3669,913),(3321,914),(3670,914),(3671,914),(3672,914),(3673,914),(3674,915),(3675,915),(3676,915),(3677,915),(3678,915),(3674,916),(3675,916),(3676,916),(3679,916),(3680,916),(3681,917),(3682,917),(3683,917),(3684,917),(3685,917),(3686,918),(3687,918),(3688,918),(3689,918),(3690,918),(3691,919),(3692,919),(3693,919),(3694,919),(3695,919),(3501,921),(3701,921),(3702,921),(3703,921),(3704,921),(3461,922),(3693,922),(3705,922),(3706,922),(3707,922),(3585,923),(3708,923),(3709,923),(3710,923),(3711,923),(3712,924),(3713,924),(3714,924),(3715,924),(3716,924),(3717,925),(3718,925),(3719,925),(3720,925),(3721,925),(3658,926),(3722,926),(3723,926),(3724,926),(3725,926),(3335,927),(3380,927),(3726,927),(3727,927),(3728,927),(3729,928),(3730,928),(3731,928),(3732,928),(3733,928),(3415,931),(3461,931),(3463,931),(3737,931),(3738,931),(3335,932),(3379,932),(3484,932),(3739,932),(3740,932),(3444,933),(3741,933),(3742,933),(3743,933),(3744,933),(3745,934),(3746,934),(3747,934),(3748,934),(3749,934),(3750,935),(3751,935),(3752,935),(3753,935),(3754,935),(3760,937),(3761,937),(3762,937),(3763,937),(3764,937),(3765,938),(3766,938),(3767,938),(3768,938),(3769,938),(3419,940),(3774,940),(3775,940),(3776,940),(3777,940),(3385,941),(3575,941),(3778,941),(3779,941),(3780,941),(3499,942),(3781,942),(3782,942),(3783,942),(3784,942),(3785,943),(3786,943),(3787,943),(3788,943),(3789,943),(3381,944),(3785,944),(3786,944),(3787,944),(3790,944),(3791,945),(3792,945),(3793,945),(3794,945),(3795,945),(3419,947),(3658,947),(3801,947),(3802,947),(3803,947),(3430,949),(3447,949),(3804,949),(3806,949),(3809,949),(3430,950),(3542,950),(3804,950),(3806,950),(3810,950),(3811,951),(3812,951),(3813,951),(3814,951),(3815,951),(3816,952),(3817,952),(3818,952),(3819,952),(3820,952),(3821,953),(3822,953),(3823,953),(3824,953),(3825,953),(3831,955),(3832,955),(3833,955),(3834,955),(3835,955),(3682,957),(3841,957),(3842,957),(3843,957),(3844,957),(3845,958),(3846,958),(3847,958),(3848,958),(3849,958),(3803,959),(3850,959),(3851,959),(3852,959),(3853,959),(3854,960),(3855,960),(3856,960),(3857,960),(3858,960),(3512,961),(3859,961),(3860,961),(3861,961),(3862,961),(3863,962),(3864,962),(3865,962),(3866,962),(3867,962),(3802,963),(3868,963),(3869,963),(3870,963),(3871,963),(3734,965),(3875,965),(3876,965),(3877,965),(3878,965),(3730,966),(3879,966),(3880,966),(3881,966),(3882,966),(3656,968),(3888,968),(3889,968),(3890,968),(3891,968),(3892,969),(3893,969),(3894,969),(3895,969),(3896,969),(3419,970),(3897,970),(3898,970),(3899,970),(3900,970),(3329,972),(3604,972),(3906,972),(3907,972),(3908,972),(3734,973),(3909,973),(3910,973),(3911,973),(3912,973),(3447,974),(3705,974),(3767,974),(3913,974),(3914,974),(3893,975),(3915,975),(3916,975),(3917,975),(3918,975),(3924,977),(3925,977),(3926,977),(3927,977),(3928,977),(3416,980),(3562,980),(3770,980),(3935,980),(3936,980),(3416,981),(3562,981),(3770,981),(3937,981),(3938,981),(3697,982),(3939,982),(3940,982),(3941,982),(3942,982),(3421,983),(3943,983),(3944,983),(3945,983),(3946,983),(3947,984),(3948,984),(3949,984),(3950,984),(3951,984),(3790,985),(3952,985),(3953,985),(3954,985),(3955,985),(3498,986),(3781,986),(3956,986),(3957,986),(3958,986),(3575,988),(3968,988),(3969,988),(3970,988),(3971,988),(3972,989),(3973,989),(3974,989),(3975,989),(3976,989),(3785,990),(3977,990),(3978,990),(3979,990),(3980,990),(3385,991),(3605,991),(3981,991),(3982,991),(3983,991),(3988,993),(3989,993),(3990,993),(3991,993),(3992,993),(3993,994),(3994,994),(3995,994),(3996,994),(3997,994),(3831,995),(3998,995),(3999,995),(4000,995),(4001,995),(3494,996),(3495,996),(3500,996),(3702,996),(4002,996),(4003,997),(4004,997),(4005,997),(4006,997),(4007,997),(3322,998),(3447,998),(3460,998),(3576,998),(4008,998),(3643,999),(3718,999),(3763,999),(4009,999),(4010,999),(3327,1000),(4011,1000),(4012,1000),(4013,1000),(4014,1000),(3541,1001),(3622,1001),(4015,1001),(4016,1001),(4017,1001),(4018,1002),(4019,1002),(4020,1002),(4021,1002),(4022,1002),(3972,1003),(3998,1003),(4023,1003),(4024,1003),(4025,1003),(3558,1004),(3656,1004),(3765,1004),(4026,1004),(4027,1004),(4032,1006),(4033,1006),(4034,1006),(4035,1006),(4036,1006),(3384,1007),(3500,1007),(3705,1007),(4037,1007),(4038,1007),(3456,1011),(3879,1011),(3896,1011),(4050,1011),(4051,1011),(4056,1014),(4057,1014),(4058,1014),(4059,1014),(4060,1014),(3575,1016),(4064,1016),(4065,1016),(4066,1016),(4067,1016),(3497,1017),(3981,1017),(4068,1017),(4069,1017),(4070,1017),(3575,1018),(4043,1018),(4071,1018),(4072,1018),(4073,1018),(4074,1019),(4075,1019),(4076,1019),(4077,1019),(4078,1019),(3558,1020),(4083,1020),(4084,1020),(4085,1020),(4086,1020),(3385,1021),(3525,1021),(3737,1021),(4087,1021),(4088,1021),(4089,1022),(4090,1022),(4091,1022),(4092,1022),(4093,1022),(3380,1023),(4094,1023),(4095,1023),(4096,1023),(4097,1023),(4101,1025),(4102,1025),(4103,1025),(4104,1025),(4105,1025),(4106,1026),(4107,1026),(4108,1026),(4109,1026),(4110,1026),(4111,1027),(4112,1027),(4113,1027),(4114,1027),(4115,1027),(3818,1028),(3892,1028),(4116,1028),(4117,1028),(4118,1028),(3642,1031),(4124,1031),(4125,1031),(4126,1031),(4127,1031),(3500,1032),(3626,1032),(4128,1032),(4129,1032),(4130,1032),(3356,1033),(3892,1033),(4131,1033),(4132,1033),(4133,1033),(4134,1034),(4135,1034),(4136,1034),(4137,1034),(4138,1034),(3324,1035),(3729,1035),(3785,1035),(4139,1035),(4140,1035),(3354,1036),(3416,1036),(3902,1036),(3905,1036),(4141,1036),(3460,1039),(3988,1039),(4050,1039),(4149,1039),(4150,1039),(4151,1040),(4152,1040),(4153,1040),(4154,1040),(4155,1040),(4156,1041),(4157,1041),(4158,1041),(4159,1041),(4160,1041),(4161,1042),(4162,1042),(4163,1042),(4164,1042),(4165,1042),(3380,1044),(4168,1044),(4169,1044),(4170,1044),(4171,1044),(3646,1045),(3801,1045),(4172,1045),(4173,1045),(4174,1045),(3730,1047),(3766,1047),(4179,1047),(4180,1047),(4181,1047),(3463,1048),(3465,1048),(3561,1048),(4182,1048),(4183,1048),(3734,1049),(4184,1049),(4185,1049),(4186,1049),(4187,1049),(3385,1050),(3463,1050),(4188,1050),(4189,1050),(4190,1050),(3803,1052),(4194,1052),(4195,1052),(4196,1052),(4197,1052),(3831,1053),(4198,1053),(4199,1053),(4200,1053),(4201,1053),(4202,1054),(4203,1054),(4204,1054),(4205,1054),(4206,1054),(4202,1055),(4205,1055),(4206,1055),(4207,1055),(4208,1055),(4202,1056),(4204,1056),(4209,1056),(4210,1056),(4211,1056),(4150,1058),(4202,1058),(4215,1058),(4216,1058),(4217,1058),(3626,1059),(4202,1059),(4204,1059),(4205,1059),(4208,1059),(3324,1060),(4202,1060),(4203,1060),(4215,1060),(4218,1060),(3543,1061),(3545,1061),(4142,1061),(4219,1061),(4220,1061),(3595,1063),(3726,1063),(3810,1063),(3897,1063),(4226,1063),(3430,1064),(3810,1064),(3897,1064),(4226,1064),(4227,1064),(3755,1066),(3810,1066),(4048,1066),(4228,1066),(4229,1066),(4230,1067),(4231,1067),(4232,1067),(4233,1067),(4234,1067),(3575,1068),(3776,1068),(3807,1068),(4235,1068),(4236,1068),(4009,1069),(4237,1069),(4238,1069),(4239,1069),(4240,1069),(3434,1071),(3460,1071),(3885,1071),(4244,1071),(4245,1071),(4249,1073),(4250,1073),(4251,1073),(4252,1073),(4253,1073),(4202,1074),(4254,1074),(4255,1074),(4256,1074),(4257,1074),(4261,1076),(4262,1076),(4263,1076),(4264,1076),(4265,1076),(3502,1077),(3642,1077),(3666,1077),(4266,1077),(4267,1077),(3341,1078),(3511,1078),(4268,1078),(4269,1078),(4270,1078),(4070,1079),(4271,1079),(4272,1079),(4273,1079),(4274,1079),(3548,1080),(4128,1080),(4275,1080),(4276,1080),(4277,1080),(4278,1081),(4279,1081),(4280,1081),(4281,1081),(4282,1081),(4128,1082),(4283,1082),(4284,1082),(4285,1082),(4286,1082),(4287,1083),(4288,1083),(4289,1083),(4290,1083),(4291,1083),(3907,1084),(4292,1084),(4293,1084),(4294,1084),(4295,1084),(3907,1085),(4292,1085),(4296,1085),(4297,1085),(4298,1085),(4304,1087),(4305,1087),(4306,1087),(4307,1087),(4308,1087),(3983,1088),(4309,1088),(4310,1088),(4311,1088),(4312,1088),(3460,1089),(4313,1089),(4314,1089),(4315,1089),(4316,1089),(3429,1090),(3724,1090),(4317,1090),(4318,1090),(4319,1090),(3456,1092),(4323,1092),(4324,1092),(4325,1092),(4326,1092),(4327,1093),(4328,1093),(4329,1093),(4330,1093),(4331,1093),(3371,1094),(3419,1094),(3892,1094),(4332,1094),(4333,1094),(3380,1095),(3787,1095),(4334,1095),(4335,1095),(4336,1095),(3496,1096),(4337,1096),(4338,1096),(4339,1096),(4340,1096),(4341,1097),(4342,1097),(4343,1097),(4344,1097),(4345,1097),(4261,1098),(4346,1098),(4347,1098),(4348,1098),(4349,1098),(4221,1099),(4261,1099),(4319,1099),(4346,1099),(4350,1099),(4261,1100),(4346,1100),(4347,1100),(4348,1100),(4349,1100),(3421,1102),(3741,1102),(4354,1102),(4355,1102),(4356,1102),(3943,1103),(4219,1103),(4357,1103),(4358,1103),(4359,1103),(3666,1104),(4179,1104),(4360,1104),(4361,1104),(4362,1104),(4363,1105),(4364,1105),(4365,1105),(4366,1105),(4367,1105),(3437,1106),(3606,1106),(4368,1106),(4369,1106),(4370,1106),(4371,1107),(4372,1107),(4373,1107),(4374,1107),(4375,1107),(3496,1108),(3691,1108),(4376,1108),(4377,1108),(4378,1108),(3351,1109),(3432,1109),(3525,1109),(4379,1109),(4380,1109),(4381,1110),(4382,1110),(4383,1110),(4384,1110),(4385,1110),(3356,1112),(3415,1112),(3691,1112),(4390,1112),(4391,1112),(3356,1113),(3415,1113),(3691,1113),(4390,1113),(4391,1113),(3656,1114),(3691,1114),(4390,1114),(4392,1114),(4393,1114),(3756,1115),(3765,1115),(4394,1115),(4395,1115),(4396,1115),(4402,1117),(4403,1117),(4404,1117),(4405,1117),(4406,1117),(3728,1118),(3871,1118),(3947,1118),(4051,1118),(4384,1118),(3324,1120),(3687,1120),(4258,1120),(4412,1120),(4413,1120),(4414,1121),(4415,1121),(4416,1121),(4417,1121),(4418,1121),(3329,1122),(3359,1122),(3777,1122),(4009,1122),(4419,1122),(4420,1123),(4421,1123),(4422,1123),(4423,1123),(4424,1123),(3469,1124),(4425,1124),(4426,1124),(4427,1124),(4428,1124),(3430,1125),(4429,1125),(4430,1125),(4431,1125),(4432,1125),(4225,1126),(4433,1126),(4434,1126),(4435,1126),(4436,1126),(3733,1127),(3954,1127),(4274,1127),(4437,1127),(4438,1127),(3435,1129),(4441,1129),(4442,1129),(4443,1129),(4444,1129),(4445,1130),(4446,1130),(4447,1130),(4448,1130),(4449,1130),(3467,1131),(3712,1131),(4450,1131),(4451,1131),(4452,1131),(3604,1132),(3911,1132),(3938,1132),(4040,1132),(4453,1132),(4273,1136),(4465,1136),(4466,1136),(4467,1136),(4468,1136),(4469,1137),(4470,1137),(4471,1137),(4472,1137),(4473,1137),(4469,1138),(4471,1138),(4473,1138),(4474,1138),(4475,1138),(3612,1139),(3734,1139),(4476,1139),(4477,1139),(4478,1139),(3624,1140),(3817,1140),(4013,1140),(4479,1140),(4480,1140),(3444,1141),(3981,1141),(4481,1141),(4482,1141),(4483,1141),(3413,1143),(3687,1143),(3692,1143),(4487,1143),(4488,1143),(3413,1144),(4487,1144),(4489,1144),(4490,1144),(4491,1144),(4492,1145),(4493,1145),(4494,1145),(4495,1145),(4496,1145),(3380,1146),(3456,1146),(3673,1146),(3953,1146),(4497,1146),(3380,1147),(3456,1147),(3673,1147),(3944,1147),(4010,1147),(4227,1148),(4498,1148),(4499,1148),(4500,1148),(4501,1148),(4502,1149),(4503,1149),(4504,1149),(4505,1149),(4506,1149),(3354,1150),(3512,1150),(4507,1150),(4508,1150),(4509,1150),(4510,1151),(4511,1151),(4512,1151),(4513,1151),(4514,1151),(3465,1152),(3767,1152),(4515,1152),(4516,1152),(4517,1152),(4519,1154),(4520,1154),(4521,1154),(4522,1154),(4523,1154),(3359,1155),(3438,1155),(4204,1155),(4524,1155),(4525,1155),(3646,1156),(3785,1156),(4427,1156),(4526,1156),(4527,1156),(3563,1159),(4538,1159),(4539,1159),(4540,1159),(4541,1159),(3777,1160),(3912,1160),(4142,1160),(4542,1160),(4543,1160),(3658,1162),(4253,1162),(4546,1162),(4547,1162),(4548,1162),(3364,1163),(3576,1163),(3895,1163),(4320,1163),(4549,1163),(3421,1164),(4297,1164),(4550,1164),(4551,1164),(4552,1164),(4049,1167),(4559,1167),(4560,1167),(4561,1167),(4562,1167),(4563,1168),(4564,1168),(4565,1168),(4566,1168),(4567,1168),(3610,1169),(3905,1169),(4058,1169),(4568,1169),(4569,1169),(3371,1170),(3496,1170),(4570,1170),(4571,1170),(4572,1170),(4484,1171),(4573,1171),(4574,1171),(4575,1171),(4576,1171),(3849,1172),(4495,1172),(4577,1172),(4578,1172),(4579,1172),(3333,1173),(3585,1173),(3980,1173),(4050,1173),(4580,1173),(3335,1174),(3912,1174),(3938,1174),(4393,1174),(4581,1174),(3710,1175),(4015,1175),(4582,1175),(4583,1175),(4584,1175),(3734,1176),(3803,1176),(4585,1176),(4586,1176),(4587,1176),(3364,1177),(3432,1177),(3507,1177),(3864,1177),(4588,1177),(3709,1178),(4498,1178),(4589,1178),(4590,1178),(4591,1178),(3435,1180),(4594,1180),(4595,1180),(4596,1180),(4597,1180),(3444,1181),(3774,1181),(4559,1181),(4598,1181),(4599,1181),(4237,1182),(4533,1182),(4600,1182),(4601,1182),(4602,1182),(3576,1183),(3756,1183),(4603,1183),(4604,1183),(4605,1183),(4606,1184),(4607,1184),(4608,1184),(4609,1184),(4610,1184),(3429,1185),(3781,1185),(4611,1185),(4612,1185),(4613,1185),(4614,1186),(4615,1186),(4616,1186),(4617,1186),(4618,1186),(3741,1187),(4009,1187),(4619,1187),(4620,1187),(4621,1187),(3469,1189),(3726,1189),(3737,1189),(3818,1189),(4625,1189),(4626,1190),(4627,1190),(4628,1190),(4629,1190),(4630,1190),(4626,1191),(4627,1191),(4628,1191),(4629,1191),(4630,1191),(3734,1193),(4088,1193),(4320,1193),(4631,1193),(4632,1193),(4633,1194),(4634,1194),(4635,1194),(4636,1194),(4637,1194),(4638,1195),(4639,1195),(4640,1195),(4641,1195),(4642,1195),(4643,1196),(4644,1196),(4645,1196),(4646,1196),(4647,1196),(3335,1197),(3379,1197),(3484,1197),(3739,1197),(3740,1197),(4011,1200),(4652,1200),(4653,1200),(4654,1200),(4655,1200),(3415,1203),(3718,1203),(3864,1203),(4002,1203),(4660,1203),(3460,1204),(3511,1204),(3612,1204),(4066,1204),(4661,1204),(3725,1205),(4662,1205),(4663,1205),(4664,1205),(4665,1205),(3354,1206),(3595,1206),(3978,1206),(4096,1206),(4666,1206),(4667,1207),(4668,1207),(4669,1207),(4670,1207),(4671,1207),(4161,1208),(4672,1208),(4673,1208),(4674,1208),(4675,1208),(3437,1210),(3718,1210),(4199,1210),(4453,1210),(4680,1210),(3460,1211),(3463,1211),(3677,1211),(4083,1211),(4681,1211),(4682,1212),(4683,1212),(4684,1212),(4685,1212),(4686,1212),(3676,1213),(4206,1213),(4687,1213),(4688,1213),(4689,1213),(3725,1214),(4043,1214),(4508,1214),(4525,1214),(4690,1214),(3771,1215),(4691,1215),(4692,1215),(4693,1215),(4694,1215),(3883,1217),(4697,1217),(4698,1217),(4699,1217),(4700,1217),(3883,1218),(4701,1218),(4702,1218),(4703,1218),(4704,1218),(3718,1219),(4705,1219),(4706,1219),(4707,1219),(4708,1219),(3330,1220),(3456,1220),(4429,1220),(4709,1220),(4710,1220),(4711,1221),(4712,1221),(4713,1221),(4714,1221),(4715,1221),(3872,1222),(4021,1222),(4716,1222),(4717,1222),(4718,1222),(3419,1224),(3693,1224),(4724,1224),(4725,1224),(4726,1224),(3576,1226),(3756,1226),(4603,1226),(4604,1226),(4605,1226),(3359,1228),(3737,1228),(3910,1228),(4168,1228),(4620,1228),(3419,1229),(3460,1229),(4009,1229),(4729,1229),(4730,1229),(4731,1230),(4732,1230),(4733,1230),(4734,1230),(4735,1230),(3517,1232),(3925,1232),(4484,1232),(4485,1232),(4740,1232),(3760,1233),(3883,1233),(3925,1233),(4484,1233),(4741,1233),(3447,1234),(4237,1234),(4742,1234),(4743,1234),(4744,1234),(4510,1235),(4577,1235),(4745,1235),(4746,1235),(4747,1235),(3469,1237),(3604,1237),(3896,1237),(4467,1237),(4751,1237),(4015,1238),(4752,1238),(4753,1238),(4754,1238),(4755,1238),(3545,1239),(3892,1239),(4429,1239),(4756,1239),(4757,1239),(3399,1240),(3556,1240),(3864,1240),(4245,1240),(4758,1240),(4620,1241),(4759,1241),(4760,1241),(4761,1241),(4762,1241),(4359,1242),(4759,1242),(4763,1242),(4764,1242),(4765,1242),(4766,1243),(4767,1243),(4768,1243),(4769,1243),(4770,1243),(3938,1244),(4771,1244),(4772,1244),(4773,1244),(4774,1244),(4484,1245),(4775,1245),(4776,1245),(4777,1245),(4778,1245),(3738,1246),(3902,1246),(4292,1246),(4665,1246),(4779,1246),(3817,1247),(4098,1247),(4780,1247),(4781,1247),(4782,1247),(3910,1248),(4783,1248),(4784,1248),(4785,1248),(4786,1248),(3419,1249),(3498,1249),(3911,1249),(4489,1249),(4558,1249),(3461,1250),(4787,1250),(4788,1250),(4789,1250),(4790,1250),(4791,1251),(4792,1251),(4793,1251),(4794,1251),(4795,1251),(3610,1252),(4389,1252),(4652,1252),(4796,1252),(4797,1252),(3610,1253),(4219,1253),(4580,1253),(4584,1253),(4796,1253),(3333,1254),(3610,1254),(4474,1254),(4599,1254),(4796,1254),(3906,1257),(4061,1257),(4242,1257),(4798,1257),(4799,1257),(3671,1258),(4348,1258),(4800,1258),(4801,1258),(4802,1258),(3415,1260),(3671,1260),(3895,1260),(4140,1260),(4803,1260),(3596,1261),(4490,1261),(4804,1261),(4805,1261),(4806,1261),(4741,1262),(4807,1262),(4808,1262),(4809,1262),(4810,1262),(3924,1263),(4604,1263),(4726,1263),(4811,1263),(4812,1263),(3388,1264),(3454,1264),(3596,1264),(4813,1264),(4814,1264),(4815,1265),(4816,1265),(4817,1265),(4818,1265),(4819,1265),(4820,1266),(4821,1266),(4822,1266),(4823,1266),(4824,1266),(4146,1268),(4825,1268),(4826,1268),(4827,1268),(4828,1268),(3862,1269),(4046,1269),(4498,1269),(4829,1269),(4830,1269),(3626,1270),(4013,1270),(4083,1270),(4732,1270),(4831,1270),(3644,1271),(3774,1271),(3947,1271),(4832,1271),(4833,1271),(3925,1272),(4630,1272),(4834,1272),(4835,1272),(4836,1272),(3469,1273),(3542,1273),(4232,1273),(4837,1273),(4838,1273),(3605,1277),(3906,1277),(4275,1277),(4849,1277),(4850,1277),(3431,1278),(3467,1278),(3859,1278),(4195,1278),(4851,1278),(4854,1280),(4855,1280),(4856,1280),(4857,1280),(4858,1280),(4377,1281),(4753,1281),(4859,1281),(4860,1281),(4861,1281),(4753,1284),(4862,1284),(4863,1284),(4866,1284),(4868,1284),(3733,1285),(3987,1285),(4753,1285),(4859,1285),(4869,1285),(3766,1286),(3879,1286),(4180,1286),(4870,1286),(4871,1286),(4235,1287),(4872,1287),(4873,1287),(4874,1287),(4875,1287),(3359,1288),(3803,1288),(3885,1288),(4384,1288),(4651,1288),(3415,1289),(3449,1289),(3755,1289),(4526,1289),(4876,1289),(4484,1290),(4485,1290),(4877,1290),(4878,1290),(4879,1290),(3502,1291),(3992,1291),(4044,1291),(4299,1291),(4880,1291),(3883,1292),(3925,1292),(4881,1292),(4882,1292),(4883,1292),(4441,1293),(4773,1293),(4884,1293),(4885,1293),(4886,1293),(3384,1294),(3658,1294),(4238,1294),(4887,1294),(4888,1294),(4889,1295),(4890,1295),(4891,1295),(4892,1295),(4893,1295),(4894,1296),(4895,1296),(4896,1296),(4897,1296),(4898,1296),(3759,1297),(4100,1297),(4181,1297),(4899,1297),(4900,1297),(3759,1298),(4100,1298),(4181,1298),(4899,1298),(4900,1298),(3606,1299),(3728,1299),(3741,1299),(4901,1299),(4902,1299),(3449,1300),(4181,1300),(4274,1300),(4903,1300),(4904,1300),(4905,1301),(4906,1301),(4907,1301),(4908,1301),(4909,1301),(3595,1302),(3786,1302),(3880,1302),(4910,1302),(4911,1302),(3992,1303),(4417,1303),(4912,1303),(4913,1303),(4914,1303),(4448,1304),(4915,1304),(4916,1304),(4917,1304),(4918,1304),(4919,1305),(4920,1305),(4921,1305),(4922,1305),(4923,1305),(3467,1308),(3778,1308),(3810,1308),(4013,1308),(4932,1308),(3688,1310),(3781,1310),(4133,1310),(4933,1310),(4934,1310),(4437,1312),(4878,1312),(4937,1312),(4938,1312),(4939,1312),(3461,1313),(3776,1313),(4246,1313),(4258,1313),(4437,1313),(3430,1314),(3511,1314),(3561,1314),(3988,1314),(4940,1314),(4941,1315),(4942,1315),(4943,1315),(4944,1315),(4945,1315),(3734,1316),(4946,1316),(4947,1316),(4948,1316),(4949,1316),(4095,1318),(4292,1318),(4362,1318),(4954,1318),(4955,1318),(4956,1320),(4957,1320),(4958,1320),(4959,1320),(4960,1320),(4747,1321),(4961,1321),(4962,1321),(4963,1321),(4964,1321),(4965,1322),(4966,1322),(4967,1322),(4968,1322),(4969,1322),(3819,1323),(4186,1323),(4285,1323),(4970,1323),(4971,1323),(3755,1325),(4013,1325),(4244,1325),(4976,1325),(4977,1325),(3637,1326),(3638,1326),(3639,1326),(3640,1326),(3641,1326),(4978,1327),(4979,1327),(4980,1327),(4981,1327),(4982,1327),(3465,1328),(3673,1328),(3730,1328),(3972,1328),(4590,1328),(4425,1329),(4983,1329),(4984,1329),(4985,1329),(4986,1329),(4425,1331),(4983,1331),(4984,1331),(4985,1331),(4986,1331),(4425,1332),(4983,1332),(4984,1332),(4985,1332),(4986,1332),(3465,1333),(3673,1333),(3730,1333),(3972,1333),(4590,1333),(3760,1337),(3982,1337),(4991,1337),(4992,1337),(4993,1337),(4237,1338),(4994,1338),(4995,1338),(4996,1338),(4997,1338),(3336,1340),(3705,1340),(4936,1340),(5002,1340),(5003,1340),(3449,1341),(3901,1341),(4021,1341),(4814,1341),(5004,1341),(3642,1342),(4128,1342),(5005,1342),(5006,1342),(5007,1342),(3324,1343),(3556,1343),(5008,1343),(5009,1343),(5010,1343),(5011,1344),(5012,1344),(5013,1344),(5014,1344),(5015,1344),(3355,1347),(3414,1347),(4009,1347),(4940,1347),(5022,1347),(4587,1348),(5023,1348),(5024,1348),(5025,1348),(5026,1348),(4762,1349),(5027,1349),(5028,1349),(5029,1349),(5030,1349),(3785,1351),(3864,1351),(4467,1351),(5035,1351),(5036,1351),(4142,1352),(4783,1352),(4895,1352),(5037,1352),(5038,1352),(3432,1353),(3596,1353),(4813,1353),(4935,1353),(4936,1353),(4321,1354),(5039,1354),(5040,1354),(5041,1354),(5042,1354),(5047,1356),(5048,1356),(5049,1356),(5050,1356),(5051,1356),(3771,1357),(3863,1357),(4146,1357),(4525,1357),(5052,1357),(3771,1358),(3863,1358),(4146,1358),(4525,1358),(5052,1358),(4578,1360),(5058,1360),(5059,1360),(5060,1360),(5061,1360),(3642,1361),(5062,1361),(5063,1361),(5064,1361),(5065,1361),(3610,1362),(3726,1362),(4093,1362),(4589,1362),(5066,1362),(3686,1363),(3909,1363),(4087,1363),(4560,1363),(5067,1363),(4009,1365),(4525,1365),(4560,1365),(5070,1365),(5071,1365),(3909,1366),(4087,1366),(4560,1366),(5067,1366),(5072,1366),(3337,1368),(5076,1368),(5077,1368),(5078,1368),(5079,1368),(3484,1369),(3484,1370),(4202,1370),(4244,1370),(4348,1370),(5080,1370),(4704,1371),(5081,1371),(5082,1371),(5083,1371),(5084,1371),(4348,1374),(5086,1374),(5087,1374),(5088,1374),(5089,1374),(3342,1375),(3433,1375),(3658,1375),(5090,1375),(5091,1375),(4103,1376),(4577,1376),(4578,1376),(5092,1376),(5093,1376),(3695,1377),(4236,1377),(5094,1377),(5095,1377),(5096,1377),(3742,1378),(3892,1378),(4161,1378),(4604,1378),(5097,1378),(3733,1379),(4180,1379),(4484,1379),(5098,1379),(5099,1379),(4180,1380),(5067,1380),(5098,1380),(5099,1380),(5100,1380),(3733,1381),(4142,1381),(4180,1381),(5098,1381),(5099,1381),(3604,1384),(3947,1384),(4497,1384),(5101,1384),(5102,1384),(3430,1385),(3771,1385),(3804,1385),(3810,1385),(4244,1385),(3430,1386),(3771,1386),(3804,1386),(3810,1386),(4244,1386),(5103,1387),(5104,1387),(5105,1387),(5106,1387),(5107,1387),(3355,1388),(3447,1388),(3815,1388),(4415,1388),(4516,1388),(3612,1389),(4045,1389),(4441,1389),(5108,1389),(5109,1389),(3541,1390),(4010,1390),(4140,1390),(4620,1390),(5110,1390),(3587,1391),(4049,1391),(4653,1391),(4876,1391),(5111,1391),(3469,1393),(3585,1393),(3723,1393),(4346,1393),(5115,1393),(3558,1395),(3585,1395),(3723,1395),(4317,1395),(4346,1395),(4180,1396),(4299,1396),(4358,1396),(5118,1396),(5119,1396),(4010,1397),(4061,1397),(4063,1397),(5120,1397),(5121,1397),(3616,1398),(3623,1398),(3624,1398),(3625,1398),(3626,1398),(3342,1399),(3959,1399),(3960,1399),(3961,1399),(3962,1399),(3827,1400),(4079,1400),(4080,1400),(4081,1400),(4082,1400),(3433,1401),(3466,1401),(3953,1401),(4119,1401),(4120,1401),(4027,1404),(4175,1404),(4176,1404),(4177,1404),(4178,1404),(3817,1405),(4056,1405),(5122,1405),(5123,1405),(4085,1406),(4743,1406),(5125,1406),(5126,1406),(4471,1407),(4473,1407),(4474,1407),(5127,1407),(3385,1408),(3711,1408),(4346,1408),(5128,1408),(3691,1409),(4142,1409),(4793,1409),(5129,1409),(3924,1410),(5130,1410),(5131,1410),(5132,1410),(4083,1411),(5133,1411),(5134,1411),(5135,1411),(3854,1412),(3855,1412),(3856,1412),(3857,1412),(3622,1413),(3772,1413),(5136,1413),(5137,1413),(3713,1414),(4991,1414),(4992,1414),(4993,1414),(3729,1415),(4076,1415),(4603,1415),(5138,1415),(4391,1416),(5139,1416),(5140,1416),(5141,1416),(3497,1417),(3605,1417),(4400,1417),(5142,1417),(3335,1418),(4515,1418),(5143,1418),(5144,1418),(3334,1419),(4049,1419),(4142,1419),(5111,1419),(3771,1420),(3804,1420),(3810,1420),(4244,1420),(3713,1421),(5145,1421),(5146,1421),(5147,1421),(4088,1422),(5148,1422),(5149,1422),(5150,1422),(3776,1423),(3947,1423),(4913,1423),(5151,1423),(3456,1424),(3673,1424),(3739,1424),(3953,1424),(4348,1425),(5137,1425),(5152,1425),(5153,1425),(3693,1426),(5154,1426),(5155,1426),(5156,1426),(3924,1427),(3925,1427),(3926,1427),(3927,1427),(4230,1428),(4232,1428),(4743,1428),(5157,1428),(3507,1429),(3586,1429),(3610,1429),(5158,1429),(5159,1430),(5160,1430),(5161,1430),(5162,1430),(3421,1431),(4141,1431),(4292,1431),(5143,1431),(3463,1432),(4245,1432),(5163,1432),(5164,1432),(3322,1433),(3585,1433),(3734,1433),(3736,1433),(5165,1433),(3737,1434),(3818,1434),(4128,1434),(5166,1434),(3755,1435),(3756,1435),(3757,1435),(3758,1435),(3759,1435),(3722,1436),(3770,1436),(3771,1436),(3772,1436),(3773,1436),(3796,1437),(3797,1437),(3798,1437),(3799,1437),(3800,1437),(3804,1438),(3805,1438),(3806,1438),(3807,1438),(3808,1438),(3826,1439),(3827,1439),(3828,1439),(3830,1439),(5167,1439),(3836,1440),(3837,1440),(3838,1440),(3839,1440),(3840,1440),(3401,1441),(3454,1441),(3872,1441),(3873,1441),(3874,1441),(3732,1442),(5088,1442),(5143,1442),(5168,1442),(3901,1443),(3902,1443),(3903,1443),(3904,1443),(3905,1443),(4045,1444),(4046,1444),(4047,1444),(4048,1444),(4049,1444),(3416,1445),(3929,1445),(3930,1445),(3931,1445),(3932,1445),(3562,1446),(3770,1446),(3929,1446),(3933,1446),(3934,1446),(3919,1447),(3920,1447),(3921,1447),(3922,1447),(3923,1447),(3963,1448),(3964,1448),(3966,1448),(3967,1448),(5169,1448),(4553,1449),(4554,1449),(4555,1449),(4556,1449),(4557,1449),(3808,1450),(4739,1450),(5170,1450),(5171,1450),(3541,1451),(4028,1451),(4029,1451),(4030,1451),(4031,1451),(3419,1452),(3831,1452),(3903,1452),(4043,1452),(4044,1452),(3422,1453),(3984,1453),(3985,1453),(3986,1453),(3987,1453),(3434,1454),(3436,1454),(3760,1454),(3775,1454),(4052,1454),(3604,1455),(3863,1455),(4053,1455),(4054,1455),(4055,1455),(3743,1456),(3824,1456),(4061,1456),(4062,1456),(4063,1456),(3677,1457),(3824,1457),(4098,1457),(4099,1457),(4100,1457),(3696,1458),(3697,1458),(3698,1458),(3699,1458),(3700,1458),(4002,1460),(4142,1460),(4143,1460),(4144,1460),(4145,1460),(3388,1461),(3461,1461),(4146,1461),(4148,1461),(5173,1461),(3464,1462),(3606,1462),(3656,1462),(4166,1462),(4167,1462),(3730,1463),(4179,1463),(4180,1463),(4181,1463),(3680,1464),(4169,1464),(4191,1464),(4192,1464),(4193,1464),(4202,1465),(4208,1465),(4212,1465),(4213,1465),(4214,1465),(4221,1466),(4222,1466),(4223,1466),(4224,1466),(4225,1466),(3821,1467),(4061,1467),(4241,1467),(4242,1467),(4243,1467),(3739,1468),(4015,1468),(4246,1468),(4247,1468),(4248,1468),(4304,1469),(4305,1469),(4306,1469),(4307,1469),(4308,1469),(3637,1470),(3640,1470),(5174,1470),(5175,1470),(3465,1471),(3718,1471),(4258,1471),(4259,1471),(4260,1471),(4299,1472),(4300,1472),(4301,1472),(4302,1472),(4303,1472),(3595,1473),(3726,1473),(3810,1473),(3897,1473),(4226,1473),(3336,1474),(3456,1474),(4320,1474),(4321,1474),(4322,1474),(3818,1475),(4142,1475),(4347,1475),(5004,1475),(5176,1475),(4384,1476),(4386,1476),(4387,1476),(4388,1476),(4389,1476),(3775,1477),(5020,1477),(5177,1477),(5178,1477),(3892,1478),(4274,1478),(4484,1478),(4727,1478),(4728,1478),(3463,1479),(3722,1479),(4317,1479),(4439,1479),(4440,1479),(3526,1480),(3527,1480),(3528,1480),(3529,1480),(3530,1480),(5179,1481),(5180,1481),(5181,1481),(5182,1481),(3596,1482),(3808,1482),(3943,1482),(4454,1482),(4455,1482),(4456,1483),(4457,1483),(4458,1483),(4459,1483),(4460,1483),(4460,1484),(4461,1484),(4462,1484),(4463,1484),(4464,1484),(3517,1485),(3925,1485),(4484,1485),(4485,1485),(4486,1485),(3982,1486),(5183,1486),(5184,1486),(5185,1486),(3456,1487),(3643,1487),(3693,1487),(3710,1487),(4518,1487),(4528,1488),(4529,1488),(4530,1488),(4531,1488),(4532,1488),(3354,1489),(4076,1489),(4140,1489),(4544,1489),(4545,1489),(3672,1490),(3693,1490),(3722,1490),(3771,1490),(4558,1490),(3628,1491),(3852,1491),(4387,1491),(4592,1491),(4593,1491),(4407,1492),(4408,1492),(4409,1492),(4410,1492),(4411,1492),(3337,1493),(4157,1493),(4748,1493),(4750,1493),(5186,1493),(4533,1494),(4534,1494),(4535,1494),(4536,1494),(4537,1494),(4397,1495),(4400,1495),(4401,1495),(5187,1495),(5188,1495),(3703,1496),(3875,1496),(4200,1496),(4650,1496),(4651,1496),(3326,1497),(3328,1497),(3436,1497),(3447,1497),(4656,1497),(3585,1498),(3722,1498),(3778,1498),(3964,1498),(4280,1499),(4676,1499),(4677,1499),(4678,1499),(4679,1499),(3356,1500),(3610,1500),(4589,1500),(4695,1500),(4696,1500),(4719,1501),(4720,1501),(4721,1501),(4722,1501),(4723,1501),(3342,1502),(3705,1502),(4525,1502),(4832,1502),(4848,1502),(4181,1503),(5189,1503),(5190,1503),(5191,1503),(4057,1504),(4736,1504),(4737,1504),(4738,1504),(4739,1504),(4753,1505),(4860,1505),(4862,1505),(4863,1505),(4864,1505),(3610,1506),(4389,1506),(4652,1506),(4796,1506),(4797,1506),(3610,1507),(3626,1507),(4389,1507),(4652,1507),(4797,1507),(3399,1508),(3671,1508),(4248,1508),(4801,1508),(4299,1509),(4301,1509),(4622,1509),(4623,1509),(4624,1509),(4839,1510),(4840,1510),(4841,1510),(4842,1510),(4843,1510),(4842,1511),(4844,1511),(4846,1511),(4847,1511),(5192,1511),(3642,1512),(3777,1512),(4805,1512),(4852,1512),(4853,1512),(3863,1513),(4344,1513),(4924,1513),(4925,1513),(4926,1513),(4753,1514),(4862,1514),(4865,1514),(4866,1514),(4867,1514),(3467,1515),(3778,1515),(3810,1515),(4013,1515),(4932,1515),(3557,1516),(3817,1516),(4045,1516),(4095,1516),(4597,1516),(3432,1517),(3596,1517),(4813,1517),(4935,1517),(4936,1517),(4927,1518),(4928,1518),(4929,1518),(4930,1518),(4931,1518),(4181,1519),(4950,1519),(4951,1519),(4952,1519),(4953,1519),(3431,1520),(3977,1520),(4121,1520),(5193,1520),(5194,1520),(4376,1521),(4972,1521),(4974,1521),(4975,1521),(5195,1521),(3447,1522),(5196,1522),(5197,1522),(5198,1522),(4425,1523),(4983,1523),(4984,1523),(4985,1523),(4986,1523),(4685,1524),(4998,1524),(4999,1524),(5000,1524),(5001,1524),(3429,1525),(3785,1525),(3863,1525),(4987,1525),(4988,1525),(3429,1526),(3447,1526),(3863,1526),(4989,1526),(4990,1526),(3429,1527),(3447,1527),(3863,1527),(4988,1527),(4989,1527),(3952,1528),(4039,1528),(4040,1528),(4041,1528),(4042,1528),(3371,1529),(3419,1529),(3972,1529),(4332,1529),(5016,1529),(3380,1530),(3875,1530),(4657,1530),(4658,1530),(4659,1530),(3576,1531),(4088,1531),(4381,1531),(5199,1531),(4070,1532),(4924,1532),(5200,1532),(5201,1532),(4626,1533),(4627,1533),(4628,1533),(4629,1533),(4630,1533),(4261,1534),(4346,1534),(4351,1534),(4352,1534),(4353,1534),(3429,1535),(3496,1535),(4228,1535),(4648,1535),(4649,1535),(3512,1536),(3771,1536),(3803,1536),(4262,1536),(5052,1536),(3823,1537),(4009,1537),(4319,1537),(5068,1537),(5069,1537),(3774,1538),(4668,1538),(5073,1538),(5074,1538),(5075,1538),(5047,1539),(5048,1539),(5049,1539),(5050,1539),(5051,1539),(3419,1540),(3505,1540),(4657,1540),(5016,1540),(5085,1540),(3466,1541),(3575,1541),(3902,1541),(4027,1541),(5039,1541),(3866,1542),(4095,1542),(4292,1542),(4362,1542),(4954,1542),(5017,1543),(5018,1543),(5019,1543),(5020,1543),(5021,1543),(3469,1544),(5101,1544),(5112,1544),(5113,1544),(5114,1544),(3844,1545),(5031,1545),(5032,1545),(5033,1545),(5034,1545),(3988,1546),(3989,1546),(4068,1546),(4515,1546),(3585,1547),(3644,1547),(3723,1547),(5116,1547),(5117,1547),(3447,1548),(3467,1548),(4088,1548),(5202,1548),(3723,1549),(5047,1549),(5203,1549),(5204,1549),(3430,1550),(3771,1550),(4181,1550),(5202,1550),(4744,1551),(5205,1551),(5206,1551),(5207,1551),(3459,1552),(3775,1552),(4502,1552),(5208,1552),(4384,1553),(5209,1553),(5210,1553),(5211,1553),(3447,1554),(3705,1554),(3723,1554),(5047,1554),(3423,1555),(3718,1555),(5212,1555),(5213,1555),(4771,1556),(5216,1556),(5217,1556),(5218,1556),(3785,1557),(3907,1557),(4292,1557),(5219,1557),(3691,1558),(3803,1558),(5220,1558),(5221,1558),(3604,1559),(4228,1559),(5214,1559),(5215,1559),(3575,1560),(5222,1560),(5223,1560),(5224,1560),(3464,1561),(3907,1561),(4661,1561),(5225,1561),(4219,1562),(4453,1562),(4753,1562),(5226,1562),(3943,1563),(4219,1563),(4454,1563),(5115,1563),(3670,1564),(3851,1564),(4360,1564),(4381,1564),(3771,1565),(3926,1565),(4236,1565),(4497,1565),(3642,1566),(3943,1566),(5227,1566),(5228,1566),(3585,1567),(3723,1567),(4317,1567),(4346,1567),(4136,1568),(4202,1568),(4203,1568),(5229,1568);
/*!40000 ALTER TABLE `mc_af_ator_filme` ENABLE KEYS */;
UNLOCK TABLES;

--
-- Table structure for table `mc_ato_ator`
--

DROP TABLE IF EXISTS `mc_ato_ator`;
/*!40101 SET @saved_cs_client     = @@character_set_client */;
/*!40101 SET character_set_client = utf8 */;
CREATE TABLE `mc_ato_ator` (
  `ato_ator_id` int(11) NOT NULL AUTO_INCREMENT,
  `ato_nome` varchar(45) NOT NULL,
  PRIMARY KEY (`ato_ator_id`)
) ENGINE=InnoDB AUTO_INCREMENT=5230 DEFAULT CHARSET=utf8;
/*!40101 SET character_set_client = @saved_cs_client */;

--
-- Dumping data for table `mc_ato_ator`
--

LOCK TABLES `mc_ato_ator` WRITE;
/*!40000 ALTER TABLE `mc_ato_ator` DISABLE KEYS */;
INSERT INTO `mc_ato_ator` VALUES (3321,'Daniel Craig'),(3322,'Christoph Waltz'),(3323,'LÉa Seydoux'),(3324,'Ralph Fiennes'),(3325,'Monica Bellucci'),(3326,'Eva Green'),(3327,'Mads Mikkelsen'),(3328,'Judi Dench'),(3329,'Jeffrey Wright'),(3330,'Olga Kurylenko'),(3331,'Mathieu Amalric'),(3332,'Giancarlo Giannini'),(3333,'Javier Bardem'),(3334,'Naomie Harris'),(3335,'Ben Affleck'),(3336,'Rosamund Pike'),(3337,'Neil Patrick Harris'),(3338,'Tyler Perry'),(3339,'Carrie Coon'),(3340,'Roy Scheider'),(3341,'John Lithgow'),(3342,'Helen Mirren'),(3343,'Bob Balaban'),(3344,'Keir Dullea'),(3345,'Harriet Minto-Day'),(3346,'Jay Laga aia'),(3347,'Damien Garvey'),(3348,'Sahaj Dumpleton'),(3349,'Allan Todd'),(3350,'Sullivan Stapleton'),(3351,'Lena Headey'),(3352,'Hans Matheson'),(3353,'Callan Mulvey'),(3354,'Nicolas Cage'),(3355,'Giovanni Ribisi'),(3356,'Angelina Jolie'),(3357,'T.J. Cross'),(3358,'William Lee Scott'),(3359,'Russell Crowe'),(3360,'Elizabeth Banks'),(3361,'Michael Buie'),(3362,'Moran Atias'),(3363,'Remy Nozik'),(3364,'Channing Tatum'),(3365,'István Göz'),(3366,'Bence Gerö'),(3367,'Denis O Hare'),(3368,'Paul Ritter'),(3369,'Noel Clarke'),(3370,'Ian Somerhalder'),(3371,'Brian Cox'),(3372,'Alexis Knapp'),(3373,'Luke Hemsworth'),(3374,'Robby Benson'),(3375,'Jesse Corti'),(3376,'Rex Everhart'),(3377,'Angela Lansbury'),(3378,'Paige O Hara'),(3379,'Amy Adams'),(3380,'Jeremy Renner'),(3381,'Forest Whitaker'),(3382,'Michael Stuhlbarg'),(3383,'Mark O Brien'),(3384,'Mary Elizabeth Winstead'),(3385,'Joel Edgerton'),(3386,'Ulrich Thomsen'),(3387,'Eric Christian Olsen'),(3388,'Adewale Akinnuoye-Agbaje'),(3389,'Josh Holloway'),(3390,'Sarah Wayne Callies'),(3391,'Peter Jacobson'),(3392,'Amanda Righetti'),(3393,'Tory Kittles'),(3394,'Brad Renfro'),(3395,'Aeryk Egan'),(3396,'Delphine French'),(3397,'Mona Powell'),(3398,'Andrew Broder'),(3399,'James Franco'),(3400,'Seth Rogen'),(3401,'Lizzy Caplan'),(3402,'Randall Park'),(3403,'Diana Bang'),(3404,'Stephanie Beatriz'),(3405,'Robert Cardone'),(3406,'Neil deGrasse Tyson'),(3407,'Adam Devine'),(3408,'Jesse Tyler Ferguson'),(3409,'Julianne Hough'),(3410,'Dakota Sage Grant'),(3411,'Matthew Rush Sullivan'),(3412,'Diego Boneta'),(3413,'Russell Brand'),(3414,'Amanda Seyfried'),(3415,'Gary Oldman'),(3416,'Billy Burke'),(3417,'Shiloh Fernandez'),(3418,'Max Irons'),(3419,'Matt Damon'),(3420,'Tian Jing'),(3421,'Willem Dafoe'),(3422,'Andy Lau'),(3423,'Pedro Pascal'),(3424,'Mel Brooks'),(3425,'Dom DeLuise'),(3426,'Madeline Kahn'),(3427,'Harvey Korman'),(3428,'Cloris Leachman'),(3429,'Ewan McGregor'),(3430,'Scarlett Johansson'),(3431,'Djimon Hounsou'),(3432,'Sean Bean'),(3433,'Steve Buscemi'),(3434,'Ben Kingsley'),(3435,'Sacha Baron Cohen'),(3436,'Asa Butterfield'),(3437,'Chloë Grace Moretz'),(3438,'Ray Winstone'),(3439,'Jason Flemyng'),(3440,'Andrey Smolyakov'),(3441,'Aleksey Chadov'),(3442,'Agnia Ditkovskite'),(3443,'Yuriy Tsurilo'),(3444,'Alexander Skarsgård'),(3445,'Rory J. Saper'),(3446,'Christian Stevens'),(3447,'Samuel L. Jackson'),(3448,'Emily Barclay'),(3449,'Abbie Cornish'),(3450,'Essie Davis'),(3451,'Adrienne DeFaria'),(3452,'Jane Levy'),(3453,'Lou Taylor Pucci'),(3454,'Jessica Lucas'),(3455,'Elizabeth Blackmore'),(3456,'Tom Cruise'),(3457,'Annabelle Wallis'),(3458,'Sofia Boutella'),(3459,'Jake Johnson'),(3460,'Leonardo DiCaprio'),(3461,'Joseph Gordon-Levitt'),(3462,'Ellen Page'),(3463,'Tom Hardy'),(3464,'Ken Watanabe'),(3465,'Chris Pine'),(3466,'Alec Baldwin'),(3467,'Jude Law'),(3468,'Isla Fisher'),(3469,'Hugh Jackman'),(3470,'William Mapother'),(3471,'Brit Marling'),(3472,'Matthew-Lee Erlbach'),(3473,'DJ Flava'),(3474,'Meggan Lennon'),(3475,'Antonio Banderas'),(3476,'Elena Anaya'),(3477,'Marisa Paredes'),(3478,'Jan Cornet'),(3479,'Roberto Álamo'),(3480,'Matthew Zuk'),(3481,'Gabriela Lopez'),(3482,'Bailey Anne Borders'),(3483,'Nick Robinson'),(3484,'Jesse Eisenberg'),(3485,'Rooney Mara'),(3486,'Bryan Barter'),(3487,'Dustin Fitzsimons'),(3488,'Joseph Mazzello'),(3489,'Aleksey Kopashov'),(3490,'Andrey Merzlikin'),(3491,'Pavel Derevyanko'),(3492,'Aleksandr Korshunov'),(3493,'Maksim Kostromykin'),(3494,'Shailene Woodley'),(3495,'Theo James'),(3496,'Naomi Watts'),(3497,'Octavia Spencer'),(3498,'Jeff Daniels'),(3499,'Kate Winslet'),(3500,'Jai Courtney'),(3501,'Mekhi Phifer'),(3502,'Felicity Jones'),(3503,'Jude Akuwudike'),(3504,'Reeve Carney'),(3505,'David Strathairn'),(3506,'Tom Conti'),(3507,'Eddie Redmayne'),(3508,'Tom Prior'),(3509,'Sophie Perry'),(3510,'Finlay Wright-Stephens'),(3511,'Matthew McConaughey'),(3512,'Idris Elba'),(3513,'Tom Taylor'),(3514,'Dennis Haysbert'),(3515,'Ben Gavin'),(3516,'Cuba Gooding Jr.'),(3517,'Dolph Lundgren'),(3518,'Claudia Bassols'),(3519,'Andrew Bicknell'),(3520,'Catalin Babliuc'),(3521,'Garret Dillahunt'),(3522,'Michael Bowen'),(3523,'Josh Coxx'),(3524,'Riki Lindhome'),(3525,'Aaron Paul'),(3526,'Roberto Benigni'),(3527,'Nicoletta Braschi'),(3528,'Giorgio Cantarini'),(3529,'Giustino Durano'),(3530,'Sergio Bini Bustric'),(3531,'Pilou Asbæk'),(3532,'Takeshi Kitano'),(3533,'Juliette Binoche'),(3534,'Michael Pitt'),(3535,'Shauna Macdonald'),(3536,'Natalie Mendoza'),(3537,'Alex Reid'),(3538,'Saskia Mulder'),(3539,'MyAnna Buring'),(3540,'Benjamin Walker'),(3541,'Dominic Cooper'),(3542,'Anthony Mackie'),(3543,'Rufus Sewell'),(3544,'Danny Dyer'),(3545,'Aksel Hennie'),(3546,'Izabella Miko'),(3547,'James D Arcy'),(3548,'Dylan McDermott'),(3549,'Melanie Griffith'),(3550,'Birgitte Hjort Sørensen'),(3551,'Robert Forster'),(3552,'Mikael Persbrandt'),(3553,'Saba Mubarak'),(3554,'Pernilla August'),(3555,'Lennart Hjulström'),(3556,'Rachel Weisz'),(3557,'Max Minghella'),(3558,'Oscar Isaac'),(3559,'Ashraf Barhom'),(3560,'Michael Lonsdale'),(3561,'Reese Witherspoon'),(3562,'Robert Pattinson'),(3563,'Paul Schneider'),(3564,'Jim Norton'),(3565,'Mitsuo Iwata'),(3566,'Nozomu Sasaki'),(3567,'Mami Koyama'),(3568,'Tesshô Genda'),(3569,'Hiroshi Ôtake'),(3570,'CÉcile De France'),(3571,'Thierry Neuvic'),(3572,'Cyndi Mayo Davis'),(3573,'Lisa Griffiths'),(3574,'Jessica Griffiths'),(3575,'Will Smith'),(3576,'Jamie Foxx'),(3577,'Jon Voight'),(3578,'Mario Van Peebles'),(3579,'Ron Silver'),(3580,'Kathryn Beaumont'),(3581,'Ed Wynn'),(3582,'Richard Haydn'),(3583,'Sterling Holloway'),(3584,'Jerry Colonna'),(3585,'Michael Fassbender'),(3586,'Katherine Waterston'),(3587,'Billy Crudup'),(3588,'Danny McBride'),(3589,'Demián Bichir'),(3590,'Jason Biggs'),(3591,'Alyson Hannigan'),(3592,'Chris Klein'),(3593,'Thomas Ian Nicholas'),(3594,'Tara Reid'),(3595,'Guy Pearce'),(3596,'Carrie-Anne Moss'),(3597,'Joe Pantoliano'),(3598,'Mark Boone Junior'),(3599,'Russ Fega'),(3600,'Sam Redford'),(3601,'Scott Goldman'),(3602,'Tim Bentinck'),(3603,'Tom Clarke Hill'),(3604,'Jake Gyllenhaal'),(3605,'Michael Shannon'),(3606,'Aaron Taylor-Johnson'),(3607,'Holly Robinson Peete'),(3608,'Steven Williams'),(3609,'Peter DeLuise'),(3610,'Johnny Depp'),(3611,'Dustin Nguyen'),(3612,'Jonah Hill'),(3613,'Peter Stormare'),(3614,'Wyatt Russell'),(3615,'Amber Stevens West'),(3616,'Kate Beckinsale'),(3617,'Stephen Rea'),(3618,'Michael Ealy'),(3619,'India Eisley'),(3620,'Tobias Menzies'),(3621,'Lara Pulver'),(3622,'Charles Dance'),(3623,'Scott Speedman'),(3624,'Michael Sheen'),(3625,'Shane Brolly'),(3626,'Bill Nighy'),(3627,'Tony Curran'),(3628,'Derek Jacobi'),(3629,'Rhona Mitra'),(3630,'Steven Mackintosh'),(3631,'Kevin Grevioux'),(3632,'Eva Christian'),(3633,'Geraldo Del Rey'),(3634,'Luiz Fernando Ianelli'),(3635,'Fregolente'),(3636,'Renato Coutinho'),(3637,'Connor Paolo'),(3638,'Gregory Jones'),(3639,'Traci Hovel'),(3640,'Nick Damici'),(3641,'James Godwin'),(3642,'Tom Hanks'),(3643,'Bill Paxton'),(3644,'Kevin Bacon'),(3645,'Gary Sinise'),(3646,'Ed Harris'),(3647,'Yuka Komatsu'),(3648,'Jun ichi Suwabe'),(3649,'Aoi Yuki'),(3650,'Hiroki Takahashi'),(3651,'Hiroki Touchi'),(3652,'Kellan Lutz'),(3653,'Johnny Messner'),(3654,'Katia Winter'),(3655,'Daniel Dae Kim'),(3656,'Bryan Cranston'),(3657,'Alan Arkin'),(3658,'John Goodman'),(3659,'Victor Garber'),(3660,'Robbie Amell'),(3661,'Rachael Taylor'),(3662,'Shaun Benson'),(3663,'Gray Powell'),(3664,'Jacob Neayem'),(3665,'Suraj Sharma'),(3666,'Irrfan Khan'),(3667,'Ayush Tandon'),(3668,'Gautam Belur'),(3669,'Adil Hussain'),(3670,'Jamie Bell'),(3671,'Andy Serkis'),(3672,'Nick Frost'),(3673,'Simon Pegg'),(3674,'Georgie Henley'),(3675,'Skandar Keynes'),(3676,'Ben Barnes'),(3677,'Will Poulter'),(3678,'Gary Sweet'),(3679,'William Moseley'),(3680,'Anna Popplewell'),(3681,'Paulo Goulart Filho'),(3682,'Nelson Xavier'),(3683,'Herson Capri'),(3684,'Vanessa Gerbelli'),(3685,'Tainá Müller'),(3686,'Megan Fox'),(3687,'Will Arnett'),(3688,'Laura Linney'),(3689,'Stephen Amell'),(3690,'Noel Fisher'),(3691,'Jack Black'),(3692,'Jason Segel'),(3693,'Emily Blunt'),(3694,'Amanda Peet'),(3695,'Billy Connolly'),(3696,'Milhem Cortaz'),(3697,'Eriberto Leão'),(3698,'Hermila Guedes'),(3699,'Lima Duarte'),(3700,'Giulia Gam'),(3701,'Patrick Dempsey'),(3702,'Ashley Judd'),(3703,'Tim Blake Nelson'),(3704,'Matt Ryan'),(3705,'Bruce Willis'),(3706,'Paul Dano'),(3707,'Noah Segan'),(3708,'Marion Cotillard'),(3709,'Jeremy Irons'),(3710,'Brendan Gleeson'),(3711,'Charlotte Rampling'),(3712,'Jodie Whittaker'),(3713,'John Boyega'),(3714,'Alex Esmail'),(3715,'Leeon Jones'),(3716,'Franz Drameh'),(3717,'Gabriela Oltean'),(3718,'Denzel Washington'),(3719,'Kimberly Elise'),(3720,'Ron Annabelle'),(3721,'Daniel E. Smith'),(3722,'Charlize Theron'),(3723,'James McAvoy'),(3724,'Eddie Marsan'),(3725,'Toby Jones'),(3726,'Rebecca Hall'),(3727,'Jon Hamm'),(3728,'Blake Lively'),(3729,'Sam Worthington'),(3730,'Zoe Saldana'),(3731,'Sigourney Weaver'),(3732,'Stephen Lang'),(3733,'Michelle Rodriguez'),(3734,'Brad Pitt'),(3735,'MÉlanie Laurent'),(3736,'Eli Roth'),(3737,'Christian Bale'),(3738,'Anne Hathaway'),(3739,'Henry Cavill'),(3740,'Diane Lane'),(3741,'Taylor Kitsch'),(3742,'Rihanna'),(3743,'Brooklyn Decker'),(3744,'Tadanobu Asano'),(3745,'Charlton Heston'),(3746,'Jack Hawkins'),(3747,'Haya Harareet'),(3748,'Stephen Boyd'),(3749,'Hugh Griffith'),(3750,'Aílton Carmo'),(3751,'JÉssica Barbosa'),(3752,'Flávio Rocha'),(3753,'Irandhir Santos'),(3754,'MacalÉ'),(3755,'Michael Keaton'),(3756,'Emma Stone'),(3757,'Kenny Chin'),(3758,'Jamahl Garrison-Lowe'),(3759,'Zach Galifianakis'),(3760,'Harrison Ford'),(3761,'Rutger Hauer'),(3762,'Sean Young'),(3763,'Edward James Olmos'),(3764,'M. Emmet Walsh'),(3765,'Ryan Gosling'),(3766,'Dave Bautista'),(3767,'Robin Wright'),(3768,'Mark Arnold'),(3769,'Vilma Szécsi'),(3770,'Kristen Stewart'),(3771,'Chris Hemsworth'),(3772,'Sam Claflin'),(3773,'Sam Spruell'),(3774,'Jeff Bridges'),(3775,'Hailee Steinfeld'),(3776,'Josh Brolin'),(3777,'Barry Pepper'),(3778,'Noomi Rapace'),(3779,'Edgar Ramírez'),(3780,'Lucy Fry'),(3781,'Jim Carrey'),(3782,'Gerry Robert Byrne'),(3783,'Elijah Wood'),(3784,'Thomas Jay Ryan'),(3785,'Liam Neeson'),(3786,'Maggie Grace'),(3787,'Famke Janssen'),(3788,'Leland Orser'),(3789,'Jon Gries'),(3790,'Dougray Scott'),(3791,'Sean Penn'),(3792,'Holt McCallany'),(3793,'Wade Williams'),(3794,'James Landry HÉbert'),(3795,'Ambyr Childers'),(3796,'Otto Jespersen'),(3797,'Glenn Erland Tosterud'),(3798,'Johanna Mørck'),(3799,'Tomas Alf Larsen'),(3800,'Urmila Berg-Domaas'),(3801,'George Clooney'),(3802,'Bill Murray'),(3803,'Cate Blanchett'),(3804,'Chris Evans'),(3805,'Hayley Atwell'),(3806,'Sebastian Stan'),(3807,'Tommy Lee Jones'),(3808,'Hugo Weaving'),(3809,'Robert Redford'),(3810,'Robert Downey Jr.'),(3811,'Sissy Spacek'),(3812,'Piper Laurie'),(3813,'Amy Irving'),(3814,'William Katt'),(3815,'John Travolta'),(3816,'Larry the Cable Guy'),(3817,'Owen Wilson'),(3818,'Michael Caine'),(3819,'Emily Mortimer'),(3820,'Eddie Izzard'),(3821,'Andy Samberg'),(3822,'Katie Crown'),(3823,'Kelsey Grammer'),(3824,'Jennifer Aniston'),(3825,'Ty Burrell'),(3826,'Luis Tosar'),(3827,'Alberto Ammann'),(3828,'Antonio Resines'),(3829,'Manuel Morón'),(3830,'Carlos Bardem'),(3831,'Sharlto Copley'),(3832,'Dev Patel'),(3833,'Ninja'),(3834,'Yo-Landi Visser'),(3835,'Jose Pablo Cantillo'),(3836,'Ingrid Bolsø Berdal'),(3837,'Dimitri Diatchenko'),(3838,'Olivia Taylor Dudley'),(3839,'Devin Kelley'),(3840,'Jesse McCartney'),(3841,'Natalia Soutto'),(3842,'Ângelo Antônio'),(3843,'Matheus Costa'),(3844,'Tony Ramos'),(3845,'Bruno Mazzeo'),(3846,'Fernanda Paes Leme'),(3847,'Fúlvio Stefanini'),(3848,'Augusto Madeira'),(3849,'Carol Castro'),(3850,'Lily James'),(3851,'Richard Madden'),(3852,'Helena Bonham Carter'),(3853,'Nonso Anozie'),(3854,'Dakota Johnson'),(3855,'Jamie Dornan'),(3856,'Eric Johnson'),(3857,'Eloise Mumford'),(3858,'Bella Heathcote'),(3859,'Charlie Hunnam'),(3860,'Diego Klattenhoff'),(3861,'Rinko Kikuchi'),(3862,'Charlie Day'),(3863,'Natalie Portman'),(3864,'Mila Kunis'),(3865,'Vincent Cassel'),(3866,'Barbara Hershey'),(3867,'Winona Ryder'),(3868,'David Ryall'),(3869,'Ian McElhinney'),(3870,'Harry Treadaway'),(3871,'Tim Robbins'),(3872,'T.J. Miller'),(3873,'Michael Stahl-David'),(3874,'Mike Vogel'),(3875,'Edward Norton'),(3876,'Meat Loaf'),(3877,'Zach Grenier'),(3878,'Richmond Arquette'),(3879,'Jordi Mollà'),(3880,'Lennie James'),(3881,'Amandla Stenberg'),(3882,'Michael Vartan'),(3883,'Arnold Schwarzenegger'),(3884,'James Earl Jones'),(3885,'Max von Sydow'),(3886,'Sandahl Bergman'),(3887,'Ben Davidson'),(3888,'Leanne Best'),(3889,'Daniel Mays'),(3890,'Tom Vaughan-Lawlor'),(3891,'Niall Hayes'),(3892,'Clive Owen'),(3893,'Catherine Keener'),(3894,'Liana Liberato'),(3895,'Jason Clarke'),(3896,'Viola Davis'),(3897,'Gwyneth Paltrow'),(3898,'Tien You Chui'),(3899,'Josie Ho'),(3900,'Daria Strokous'),(3901,'Jena Malone'),(3902,'David Morse'),(3903,'Jodie Foster'),(3904,'Geoffrey Blake'),(3905,'William Fichtner'),(3906,'Michelle Monaghan'),(3907,'Vera Farmiga'),(3908,'Michael Arden'),(3909,'Shia LaBeouf'),(3910,'Logan Lerman'),(3911,'Michael Pena'),(3912,'Jon Bernthal'),(3913,'Spencer Treat Clark'),(3914,'Charlayne Woodard'),(3915,'Daniel Kaluuya'),(3916,'Allison Williams'),(3917,'Bradley Whitford'),(3918,'Caleb Landry Jones'),(3919,'John Wayne'),(3920,'Roscoe Lee Browne'),(3921,'Bruce Dern'),(3922,'Colleen Dewhurst'),(3923,'Alfred Barker Jr.'),(3924,'Michael B. Jordan'),(3925,'Sylvester Stallone'),(3926,'Tessa Thompson'),(3927,'Phylicia Rashad'),(3928,'Andre Ward'),(3929,'Taylor Lautner'),(3930,'Gil Birmingham'),(3931,'Sarah Clarke'),(3932,'Ty Olsson'),(3933,'Peter Facinelli'),(3934,'Elizabeth Reaser'),(3935,'Xavier Samuel'),(3936,'Justin Chon'),(3937,'Christina Jastrzembska'),(3938,'Anna Kendrick'),(3939,'Ingrid Guimarães'),(3940,'Bruno Garcia'),(3941,'Maria Paula'),(3942,'Denise Weinberg'),(3943,'Keanu Reeves'),(3944,'Michael Nyqvist'),(3945,'Alfie Allen'),(3946,'Dean Winters'),(3947,'Ryan Reynolds'),(3948,'Karan Soni'),(3949,'Ed Skrein'),(3950,'Michael Benyaer'),(3951,'Stefan Kapicic'),(3952,'Luke Goss'),(3953,'Ving Rhames'),(3954,'Danny Trejo'),(3955,'Fred Koehler'),(3956,'Lauren Holly'),(3957,'Mike Starr'),(3958,'Karen Duffy'),(3959,'Faisa Hassan'),(3960,'Aisha Takow'),(3961,'Armaan Haggio'),(3962,'Bob Chappell'),(3963,'Chris Messina'),(3964,'Logan Marshall-Green'),(3965,'Jenny O Hara'),(3966,'Bojana Novakovic'),(3967,'Bokeem Woodbine'),(3968,'Jaden Smith'),(3969,'Sophie Okonedo'),(3970,'Zoë Kravitz'),(3971,'Glenn Morshower'),(3972,'Karl Urban'),(3973,'Moon Bloodgood'),(3974,'Russell Means'),(3975,'Clancy Brown'),(3976,'Jay Tavare'),(3977,'Diane Kruger'),(3978,'January Jones'),(3979,'Aidan Quinn'),(3980,'Bruno Ganz'),(3981,'Kirsten Dunst'),(3982,'Adam Driver'),(3983,'Jaeden Lieberher'),(3984,'Tony Ka Fai Leung'),(3985,'Chao Deng'),(3986,'Carina Lau'),(3987,'Bingbing Li'),(3988,'John C. Reilly'),(3989,'Sarah Silverman'),(3990,'Jack McBrayer'),(3991,'Jane Lynch'),(3992,'Alan Tudyk'),(3993,'Leslie Den Dooven'),(3994,'Michael Chiodo'),(3995,'John Garitt'),(3996,'Deeann Veeder'),(3997,'Chris Baker'),(3998,'Jason Cope'),(3999,'Nathalie Boltt'),(4000,'Sylvaine Strike'),(4001,'Elizabeth Mkandawie'),(4002,'Ray Stevenson'),(4003,'Amy Poehler'),(4004,'Phyllis Smith'),(4005,'Richard Kind'),(4006,'Bill Hader'),(4007,'Lewis Black'),(4008,'Kerry Washington'),(4009,'Mark Wahlberg'),(4010,'Paula Patton'),(4011,'Benedict Cumberbatch'),(4012,'Chiwetel Ejiofor'),(4013,'Rachel McAdams'),(4014,'Benedict Wong'),(4015,'Luke Evans'),(4016,'Sarah Gadon'),(4017,'Art Parkinson'),(4018,'Justin Chatwin'),(4019,'Yun-Fat Chow'),(4020,'Emmy Rossum'),(4021,'Jamie Chung'),(4022,'James Marsters'),(4023,'Rachel Wood'),(4024,'Andile Mngadi'),(4025,'Porteus Xandau'),(4026,'Carey Mulligan'),(4027,'Albert Brooks'),(4028,'Ludivine Sagnier'),(4029,'Raad Rawi'),(4030,'Philip Quast'),(4031,'Mimoun Oaïssa'),(4032,'Fionn Whitehead'),(4033,'Damien Bonnard'),(4034,'Aneurin Barnard'),(4035,'Lee Armstrong'),(4036,'James Bloor'),(4037,'Sebastian Koch'),(4038,'Yuliya Snigir'),(4039,'Shane West'),(4040,'Natalie Martinez'),(4041,'Elden Henson'),(4042,'Julio Oscar Mechoso'),(4043,'Alice Braga'),(4044,'Diego Luna'),(4045,'Vince Vaughn'),(4046,'Jason Bateman'),(4047,'Faizon Love'),(4048,'Jon Favreau'),(4049,'Malin Akerman'),(4050,'Cameron Diaz'),(4051,'Peter Sarsgaard'),(4052,'Abigail Breslin'),(4053,'Tobey Maguire'),(4054,'Sam Shepard'),(4055,'Mare Winningham'),(4056,'Julia Roberts'),(4057,'Lily Collins'),(4058,'Armie Hammer'),(4059,'Nathan Lane'),(4060,'Martin Klebba'),(4061,'Adam Sandler'),(4062,'Nicole Kidman'),(4063,'Nick Swardson'),(4064,'Jaime FitzSimons'),(4065,'Ike Barinholtz'),(4066,'Margot Robbie'),(4067,'Christopher Dyson'),(4068,'Taraji P. Henson'),(4069,'Janelle Monáe'),(4070,'Kevin Costner'),(4071,'Charlie Tahan'),(4072,'Salli Richardson-Whitfield'),(4073,'Willow Smith'),(4074,'Alex Pettyfer'),(4075,'Timothy Olyphant'),(4076,'Teresa Palmer'),(4077,'Dianna Agron'),(4078,'Callan McAuliffe'),(4079,'Daniel Brühl'),(4080,'Marta Etura'),(4081,'Claudia Vega'),(4082,'Anne Canovas'),(4083,'Domhnall Gleeson'),(4084,'Corey Johnson'),(4085,'Alicia Vikander'),(4086,'Sonoya Mizuno'),(4087,'John Turturro'),(4088,'Ben Mendelsohn'),(4089,'Alex Palmer'),(4090,'Bindu De Stoppani'),(4091,'Jukka Hiltunen'),(4092,'David Schneider'),(4093,'Cillian Murphy'),(4094,'Robert Carlyle'),(4095,'Rose Byrne'),(4096,'Harold Perrineau'),(4097,'Catherine McCormack'),(4098,'Jason Sudeikis'),(4099,'Emma Roberts'),(4100,'Ed Helms'),(4101,'Fabrício Boliveira'),(4102,'Isis Valverde'),(4103,'Felipe Abib'),(4104,'Antonio Calloni'),(4105,'Marcos Paulo'),(4106,'Michael Madsen'),(4107,'Carolina Gómez'),(4108,'Selton Mello'),(4109,'Roberto Cano'),(4110,'Carlos Alberto Riccelli'),(4111,'Ben Wilkinson'),(4112,'Sean Rogerson'),(4113,'Ashleigh Gryzko'),(4114,'Merwin Mondesir'),(4115,'Juan Riedinger'),(4116,'Juan Gabriel Yacuzzi'),(4117,'Mishal Husain'),(4118,'Rob Curling'),(4119,'Ming-Na Wen'),(4120,'Peri Gilpin'),(4121,'Benoît Magimel'),(4122,'Denis MÉnochet'),(4123,'Raphaël Personnaz'),(4124,'Rebecca Williams'),(4125,'Sally Field'),(4126,'Michael Conner Humphreys'),(4127,'Harold G. Herthum'),(4128,'Aaron Eckhart'),(4129,'Yvonne Strahovski'),(4130,'Miranda Otto'),(4131,'Teri Polo'),(4132,'Linus Roache'),(4133,'Noah Emmerich'),(4134,'Laurence Olivier'),(4135,'Claire Bloom'),(4136,'Maggie Smith'),(4137,'Ursula Andress'),(4138,'Jack Gwillim'),(4139,'Edgar Ramírez'),(4140,'Toby Kebbell'),(4141,'Amber Heard'),(4142,'Dwayne Johnson'),(4143,'Jonathan Pryce'),(4144,'Byung-hun Lee'),(4145,'Elodie Yung'),(4146,'Christopher Eccleston'),(4147,'GrÉgory Fitoussi'),(4148,'Leo Howard'),(4149,'Daniel Day-Lewis'),(4150,'Jim Broadbent'),(4151,'Chris Jai Alex'),(4152,'Tony Azzolino'),(4153,'Lucien Dodge'),(4154,'Doug Erholtz'),(4155,'Todd Haberkorn'),(4156,'Eric Bauza'),(4157,'Jayma Mays'),(4158,'Joshua Rush'),(4159,'Grey Griffin'),(4160,'Paul Rugg'),(4161,'Ethan Hawke'),(4162,'Uma Thurman'),(4163,'Gore Vidal'),(4164,'Xander Berkeley'),(4165,'Jayne Brook'),(4166,'CJ Adams'),(4167,'Elizabeth Olsen'),(4168,'Dallas Roberts'),(4169,'Ayelet Zurer'),(4170,'Marguerite Moreau'),(4171,'Amanda Anka'),(4172,'Sandra Bullock'),(4173,'Orto Ignatiussen'),(4174,'Phaldut Sharma'),(4175,'Ellen DeGeneres'),(4176,'Ed O Neill'),(4177,'Kaitlin Olson'),(4178,'Hayden Rolence'),(4179,'Chris Pratt'),(4180,'Vin Diesel'),(4181,'Bradley Cooper'),(4182,'Til Schweiger'),(4183,'Chelsea Handler'),(4184,'Mireille Enos'),(4185,'Daniella Kertesz'),(4186,'James Badge Dale'),(4187,'Ludi Boeken'),(4188,'Nick Nolte'),(4189,'Jennifer Morrison'),(4190,'Frank Grillo'),(4191,'Thom Green'),(4192,'Enisha Brewster'),(4193,'Masam Holden'),(4194,'Saoirse Ronan'),(4195,'Eric Bana'),(4196,'Vicky Krieps'),(4197,'Paris Arrowsmith'),(4198,'Danila Kozlovsky'),(4199,'Haley Bennett'),(4200,'Tim Roth'),(4201,'Andrei Dementiev'),(4202,'Daniel Radcliffe'),(4203,'Rupert Grint'),(4204,'Emma Watson'),(4205,'Richard Griffiths'),(4206,'Fiona Shaw'),(4207,'Pam Ferris'),(4208,'Harry Melling'),(4209,'Eric Sykes'),(4210,'Timothy Spall'),(4211,'David Tennant'),(4212,'Jason Boyd'),(4213,'Richard Macklin'),(4214,'Kathryn Hunter'),(4215,'Michael Gambon'),(4216,'Dave Legeno'),(4217,'Elarica Johnson'),(4218,'Alan Rickman'),(4219,'Ian McShane'),(4220,'John Hurt'),(4221,'Wes Bentley'),(4222,'Jessica Szohr'),(4223,'Angus Macfadyen'),(4224,'Laura Ramsey'),(4225,'Julian Sands'),(4226,'Don Cheadle'),(4227,'Sam Rockwell'),(4228,'Tom Holland'),(4229,'Marisa Tomei'),(4230,'Paul Rudd'),(4231,'Michael Douglas'),(4232,'Evangeline Lilly'),(4233,'Corey Stoll'),(4234,'Bobby Cannavale'),(4235,'Jemaine Clement'),(4236,'Emma Thompson'),(4237,'Kurt Russell'),(4238,'Douglas M. Griffin'),(4239,'James DuMont'),(4240,'Joe Chrest'),(4241,'Selena Gomez'),(4242,'Kevin James'),(4243,'Fran Drescher'),(4244,'Mark Ruffalo'),(4245,'Michelle Williams'),(4246,'Mickey Rourke'),(4247,'Stephen Dorff'),(4248,'Freida Pinto'),(4249,'David James Elliott'),(4250,'Natasha Henstridge'),(4251,'Benjamin Sadler'),(4252,'Florentine Lahme'),(4253,'James Cromwell'),(4254,'Toni Collette'),(4255,'Tracy Letts'),(4256,'Sam Trammell'),(4257,'Nestor Carbonell'),(4258,'Rosario Dawson'),(4259,'Ethan Suplee'),(4260,'Kevin Dunn'),(4261,'Liam Hemsworth'),(4262,'Jeff Goldblum'),(4263,'Jessie T. Usher'),(4264,'Bill Pullman'),(4265,'Maika Monroe'),(4266,'Omar Sy'),(4267,'Sidse Babett Knudsen'),(4268,'Ellen Burstyn'),(4269,'Mackenzie Foy'),(4270,'TimothÉe Chalamet'),(4271,'Sean Connery'),(4272,'Charles Martin Smith'),(4273,'Andy Garcia'),(4274,'Robert De Niro'),(4275,'Gerard Butler'),(4276,'Finley Jacobsen'),(4277,'Rick Yune'),(4278,'Alon Aboutboul'),(4279,'Waleed Zuaiter'),(4280,'Adel Bencherif'),(4281,'Mehdi Dehbi'),(4282,'Shivani Ghai'),(4283,'Ramon Rodriguez'),(4284,'Will Rothhaar'),(4285,'Cory Hardrict'),(4286,'Jim Parrack'),(4287,'Tom Schilling'),(4288,'Elyas M Barek'),(4289,'Wotan Wilke Möhring'),(4290,'Antoine Monot Jr.'),(4291,'Hannah Herzsprung'),(4292,'Patrick Wilson'),(4293,'Lili Taylor'),(4294,'Ron Livingston'),(4295,'Shanley Caswell'),(4296,'Madison Wolfe'),(4297,'Frances O Connor'),(4298,'Lauren Esposito'),(4299,'Donnie Yen'),(4300,'Simon Yam'),(4301,'Lynn Hung'),(4302,'Hiroyuki Ikeuchi'),(4303,'Ka Tung Lam'),(4304,'Yu-Hang To'),(4305,'Yi Huang'),(4306,'Biao Yuen'),(4307,'Siu-Wong Fan'),(4308,'Rose Chan'),(4309,'Jeremy Ray Taylor'),(4310,'Sophia Lillis'),(4311,'Finn Wolfhard'),(4312,'Chosen Jacobs'),(4313,'Josh Hamilton'),(4314,'Geoff Pierson'),(4315,'Cheryl Lawson'),(4316,'Kaitlyn Dever'),(4317,'Nicholas Hoult'),(4318,'Eleanor Tomlinson'),(4319,'Stanley Tucci'),(4320,'Richard Jenkins'),(4321,'David Oyelowo'),(4322,'Werner Herzog'),(4323,'Cobie Smulders'),(4324,'Aldis Hodge'),(4325,'Danika Yarosh'),(4326,'Patrick Heusinger'),(4327,'Johnny Knoxville'),(4328,'Bam Margera'),(4329,'Ryan Dunn'),(4330,'Steve-O'),(4331,'Jason  Wee Man  Acuna'),(4332,'Franka Potente'),(4333,'Chris Cooper'),(4334,'Gemma Arterton'),(4335,'Pihla Viitala'),(4336,'Derek Mears'),(4337,'Sonya Davison'),(4338,'Vanessa Chong'),(4339,'Anand Tiwari'),(4340,'Stephanie Chai'),(4341,'Tobin Bell'),(4342,'Costas Mandylor'),(4343,'Betsy Russell'),(4344,'Cary Elwes'),(4345,'Sean Patrick Flanery'),(4346,'Jennifer Lawrence'),(4347,'Josh Hutcherson'),(4348,'Woody Harrelson'),(4349,'Donald Sutherland'),(4350,'Willow Shields'),(4351,'Jack Quaid'),(4352,'Taylor St. Clair'),(4353,'Sandra Ellis Lafferty'),(4354,'Lynn Collins'),(4355,'Samantha Morton'),(4356,'Thomas Haden Church'),(4357,'Riccardo Scamarcio'),(4358,'Ruby Rose'),(4359,'Common'),(4360,'Bryce Dallas Howard'),(4361,'Vincent D Onofrio'),(4362,'Ty Simpkins'),(4363,'Ralph Macchio'),(4364,'Pat Morita'),(4365,'Elisabeth Shue'),(4366,'Martin Kove'),(4367,'Randee Heller'),(4368,'Morris Chestnut'),(4369,'Claudia Lee'),(4370,'Amy Anzel'),(4371,'Vanessa Kirby'),(4372,'David Ajala'),(4373,'Mike Noble'),(4374,'Bentley Kalu'),(4375,'Tom McKay'),(4376,'Adrien Brody'),(4377,'Thomas Kretschmann'),(4378,'Colin Hanks'),(4379,'Adrian Bouchet'),(4380,'Liam Mulvey'),(4381,'Taron Egerton'),(4382,'Edward Holcroft'),(4383,'Gordon Alexander'),(4384,'Mark Strong'),(4385,'Hanna Alström'),(4386,'Adrian Quinton'),(4387,'Colin Firth'),(4388,'Jonno Davies'),(4389,'Jack Davenport'),(4390,'Dustin Hoffman'),(4391,'Jackie Chan'),(4392,'Angelina Jolie Pitt'),(4393,'J.K. Simmons'),(4394,'Amiée Conn'),(4395,'Terry Walters'),(4396,'Thom Shelton'),(4397,'Ivana Baquero'),(4398,'Sergi López'),(4399,'Maribel Verdú'),(4400,'Doug Jones'),(4401,'Ariadna Gil'),(4402,'Dustin Milligan'),(4403,'Amanda Crew'),(4404,'Richard de Klerk'),(4405,'Alexia Fast'),(4406,'Gabrielle Rose'),(4407,'Malcolm McDowell'),(4408,'Patrick Magee'),(4409,'Michael Bates'),(4410,'Warren Clarke'),(4411,'John Clive'),(4412,'Michael Cera'),(4413,'Siri'),(4414,'Kevin Conroy'),(4415,'Tim Daly'),(4416,'Susan Eisenberg'),(4417,'Nathan Fillion'),(4418,'Carl Lumbly'),(4419,'Catherine Zeta-Jones'),(4420,'Sunny Pawar'),(4421,'Abhishek Bharate'),(4422,'Priyanka Bose'),(4423,'Khushi Solanki'),(4424,'Shankar Nisode'),(4425,'Patrick Stewart'),(4426,'Dafne Keen'),(4427,'Boyd Holbrook'),(4428,'Stephen Merchant'),(4429,'Morgan Freeman'),(4430,'Min-sik Choi'),(4431,'Amr Waked'),(4432,'Julian Rhind-Tutt'),(4433,'Michael Jai White'),(4434,'Eamonn Walker'),(4435,'Dante Basco'),(4436,'Nona Gaye'),(4437,'Jessica Alba'),(4438,'Steven Seagal'),(4439,'Hugh Keays-Byrne'),(4440,'Josh Helman'),(4441,'Ben Stiller'),(4442,'Chris Rock'),(4443,'David Schwimmer'),(4444,'Jada Pinkett Smith'),(4445,'Naomi Nero'),(4446,'Daniel Botelho'),(4447,'Dani Nefussi'),(4448,'Matheus Nachtergaele'),(4449,'Lais Dias'),(4450,'Karl Davies'),(4451,'Llewella Gideon'),(4452,'Gus Barry'),(4453,'David Harbour'),(4454,'Laurence Fishburne'),(4455,'Gloria Foster'),(4456,'Ray Anthony'),(4457,'Christine Anu'),(4458,'Andy Arness'),(4459,'Alima Ashton-Sheibu'),(4460,'Helmut Bakaitis'),(4461,'Mary Alice'),(4462,'Tanveer K. Atwal'),(4463,'Kate Beahan'),(4464,'Francine Bell'),(4465,'Ben Winchell'),(4466,'Josh Brener'),(4467,'Maria Bello'),(4468,'Ana Villafane'),(4469,'Dylan O Brien'),(4470,'Aml Ameen'),(4471,'Ki Hong Lee'),(4472,'Blake Cooper'),(4473,'Thomas Brodie-Sangster'),(4474,'Kaya Scodelario'),(4475,'Dexter Darden'),(4476,'Will Ferrell'),(4477,'Tina Fey'),(4478,'David Cross'),(4479,'Kurt Fuller'),(4480,'Mimi Kennedy'),(4481,'Charlotte Gainsbourg'),(4482,'Brady Corbet'),(4483,'Cameron Spurr'),(4484,'Jason Statham'),(4485,'Jet Li'),(4486,'Chuck Norris'),(4487,'Steve Carell'),(4488,'Julie Andrews'),(4489,'Kristen Wiig'),(4490,'Benjamin Bratt'),(4491,'Miranda Cosgrove'),(4492,'Paulo Gustavo'),(4493,'Luana Piovani'),(4494,'Rhaísa Batista'),(4495,'Rodrigo Pandolfo'),(4496,'Ana Carolina'),(4497,'Rebecca Ferguson'),(4498,'Kevin Spacey'),(4499,'Dominique McElligott'),(4500,'Rosie Shaw'),(4501,'Adrienne Shaw'),(4502,'Mahershala Ali'),(4503,'Shariff Earp'),(4504,'Duan Sanderson'),(4505,'Alex R. Hibbert'),(4506,'Janelle Monáe'),(4507,'Violante Placido'),(4508,'Ciarán Hinds'),(4509,'Johnny Whitworth'),(4510,'Marcelo Adnet'),(4511,'Gianne Albertoni'),(4512,'Marco Antônio Alves'),(4513,'Dudu Azevedo'),(4514,'Laura Cardoso'),(4515,'Gal Gadot'),(4516,'Connie Nielsen'),(4517,'Danny Huston'),(4518,'Jonas Armstrong'),(4519,'Susie Abromeit'),(4520,'Rudy Youngblood'),(4521,'Michael Bisping'),(4522,'Bobby Lashley'),(4523,'Kyle Woods'),(4524,'Jennifer Connelly'),(4525,'Anthony Hopkins'),(4526,'Joel Kinnaman'),(4527,'Bruce McGill'),(4528,'Gustav Dyekjær Giese'),(4529,'Oscar Dyekjær Giese'),(4530,'Lene Maria Christensen'),(4531,'Annemieke Bredahl Peppink'),(4532,'Nicholas Westwood Kidd'),(4533,'Wilford Brimley'),(4534,'Deidre Hall'),(4535,'Shannen Doherty'),(4536,'Chad Allen'),(4537,'Keri Houlihan'),(4538,'Damon Gupton'),(4539,'Marin Ireland'),(4540,'Joe Anderson'),(4541,'Nia Long'),(4542,'Susan Sarandon'),(4543,'Michael Kenneth Williams'),(4544,'Jay Baruchel'),(4545,'Alfred Molina'),(4546,'Jean Dujardin'),(4547,'BÉrÉnice Bejo'),(4548,'Penelope Ann Miller'),(4549,'Maggie Gyllenhaal'),(4550,'Sam Neill'),(4551,'Morgana Davies'),(4552,'Finn Woodlock'),(4553,'Richard McWilliams'),(4554,'Nicola Posener'),(4555,'Philip Brodie'),(4556,'Ian Cullen'),(4557,'Maggie Daniels'),(4558,'Jessica Chastain'),(4559,'Katie Holmes'),(4560,'Josh Duhamel'),(4561,'Anna Paquin'),(4562,'Adam Brody'),(4563,'Chieko Baishô'),(4564,'Takuya Kimura'),(4565,'Akihiro Miwa'),(4566,'Tatsuya Gashûin'),(4567,'Ryûnosuke Kamiki'),(4568,'Tom Wilkinson'),(4569,'Ruth Wilson'),(4570,'Martin Henderson'),(4571,'David Dorfman'),(4572,'Jane Alexander'),(4573,'Catherine Chan'),(4574,'Robert John Burke'),(4575,'James Hong'),(4576,'Anson Mount'),(4577,'Danton Mello'),(4578,'Fábio Porchat'),(4579,'Anderson Di Rizzi'),(4580,'PenÉlope Cruz'),(4581,'Jeffrey Tambor'),(4582,'John Cusack'),(4583,'Alice Eve'),(4584,'Kevin McNally'),(4585,'Julia Ormond'),(4586,'Faune Chambers Watkins'),(4587,'Elias Koteas'),(4588,'Douglas Booth'),(4589,'Paul Bettany'),(4590,'Zachary Quinto'),(4591,'Penn Badgley'),(4592,'Robert Portal'),(4593,'Richard Dixon'),(4594,'Sayed Badreya'),(4595,'Rocky Citron'),(4596,'Liam Campora'),(4597,'Aasif Mandvi'),(4598,'Meryl Streep'),(4599,'Brenton Thwaites'),(4600,'T.K. Carter'),(4601,'David Clennon'),(4602,'Keith David'),(4603,'Andrew Garfield'),(4604,'Dane DeHaan'),(4605,'Colm Feore'),(4606,'Audrey Tautou'),(4607,'Mathieu Kassovitz'),(4608,'Rufus'),(4609,'Lorella Cravotta'),(4610,'Serge Merlin'),(4611,'Leslie Mann'),(4612,'Rodrigo Santoro'),(4613,'Antoni Corone'),(4614,'Lisa Adam'),(4615,'Frank Aldridge'),(4616,'Amitabh Bachchan'),(4617,'Steve Bisley'),(4618,'Richard Carter'),(4619,'Emile Hirsch'),(4620,'Ben Foster'),(4621,'Yousuf Azami'),(4622,'Xiaoming Huang'),(4623,'Sammo Kam-Bo Hung'),(4624,'Kent Cheng'),(4625,'Piper Perabo'),(4626,'Ian McKellen'),(4627,'Martin Freeman'),(4628,'Richard Armitage'),(4629,'Ken Stott'),(4630,'Graham McTavish'),(4631,'Scoot McNairy'),(4632,'James Gandolfini'),(4633,'Jessica Biel'),(4634,'Jodelle Ferland'),(4635,'Stephen McHattie'),(4636,'William B. Davis'),(4637,'Samantha Ferris'),(4638,'RZA'),(4639,'Schnitrnunt Busarakamwong'),(4640,'Grace Huang'),(4641,'Andrew Lin'),(4642,'Seigi Ozeki'),(4643,'Shah Rukh Khan'),(4644,'Priyanka Chopra'),(4645,'Arjun Rampal'),(4646,'Isha Koppikar'),(4647,'Boman Irani'),(4648,'Samuel Joslin'),(4649,'Oaklee Pendergast'),(4650,'Liv Tyler'),(4651,'William Hurt'),(4652,'Keira Knightley'),(4653,'Matthew Goode'),(4654,'Rory Kinnear'),(4655,'Allen Leech'),(4656,'Rupert Everett'),(4657,'Scott Glenn'),(4658,'Stacy Keach'),(4659,'Donna Murphy'),(4660,'Jennifer Beals'),(4661,'Kyle Chandler'),(4662,'Thomas Jane'),(4663,'Marcia Gay Harden'),(4664,'Laurie Holden'),(4665,'Andre Braugher'),(4666,'Jennifer Carpenter'),(4667,'Justin Timberlake'),(4668,'Olivia Wilde'),(4669,'Shyloh Oostwald'),(4670,'Johnny Galecki'),(4671,'Colin McGurk'),(4672,'Sarah Snook'),(4673,'Christopher Kirby'),(4674,'Christopher Sommers'),(4675,'Kuni Hashimoto'),(4676,'Tahar Rahim'),(4677,'Niels Arestrup'),(4678,'Reda Kateb'),(4679,'Hichem Yacoubi'),(4680,'Marton Csokas'),(4681,'Forrest Goodluck'),(4682,'Roger Barclay'),(4683,'Eric Carte'),(4684,'Rowan Atkinson'),(4685,'Togo Igawa'),(4686,'Eleanor Wyld'),(4687,'John Hollingworth'),(4688,'Cato Sandford'),(4689,'Pip Torrens'),(4690,'Colin O Donoghue'),(4691,'Kristen Connolly'),(4692,'Anna Hutchison'),(4693,'Fran Kranz'),(4694,'Jesse Williams'),(4695,'Timothy Dalton'),(4696,'Steven Berkoff'),(4697,'Arron Shiver'),(4698,'Titos Menchaca'),(4699,'Richard Dillard'),(4700,'Doug Jackson'),(4701,'Rachel Ticotin'),(4702,'Sharon Stone'),(4703,'Ronny Cox'),(4704,'Michael Ironside'),(4705,'Nadine Velazquez'),(4706,'Carter Cabassa'),(4707,'Adam C. Edwards'),(4708,'Tamara Tunie'),(4709,'Andrea Riseborough'),(4710,'Nikolaj Coster-Waldau'),(4711,'Tony Jaa'),(4712,'Petchtai Wongkamlao'),(4713,'Pumwaree Yodkamol'),(4714,'Suchao Pongwilai'),(4715,'Chatthapong Pantanaunkul'),(4716,'Scott Adsit'),(4717,'Ryan Potter'),(4718,'Daniel Henney'),(4719,'Iko Uwais'),(4720,'Joe Taslim'),(4721,'Donny Alamsyah'),(4722,'Yayan Ruhian'),(4723,'Pierre Gruno'),(4724,'Lisa Thoreson'),(4725,'Florence Kastriner'),(4726,'Michael Kelly'),(4727,'Dominic Purcell'),(4728,'Aden Young'),(4729,'Jack Nicholson'),(4730,'Martin Sheen'),(4731,'Suranne Jones'),(4732,'Lindsay Duncan'),(4733,'Malachi Kirby'),(4734,'Chris Coghill'),(4735,'Olivette Cole-Wilson'),(4736,'Jamie Campbell Bower'),(4737,'Kevin Zegers'),(4738,'Jemima West'),(4739,'Robert Sheehan'),(4740,'Eric Roberts'),(4741,'Mel Gibson'),(4742,'Jennifer Jason Leigh'),(4743,'Walton Goggins'),(4744,'Demián Bichir'),(4745,'Mariana Ximenes'),(4746,'Mikhail Bronnikov'),(4747,'Laila Zaid'),(4748,'Hank Azaria'),(4749,'Sofía Vergara'),(4750,'Tim Gunn'),(4751,'Terrence Howard'),(4752,'Matthew Macfadyen'),(4753,'Milla Jovovich'),(4754,'Helen George'),(4755,'Christian Oliver'),(4756,'Cliff Curtis'),(4757,'Tsuyoshi Ihara'),(4758,'Zach Braff'),(4759,'Dennis Quaid'),(4760,'Cam Gigandet'),(4761,'Antje Traue'),(4762,'Cung Le'),(4763,'Greg Kinnear'),(4764,'Charlie Saxton'),(4765,'Will Sasso'),(4766,'Nathalia Dill'),(4767,'Luca Bianchi'),(4768,'Lívia de Bueno'),(4769,'Bernardo Melo Barreto'),(4770,'CÉsar Cardadeiro'),(4771,'Kodi Smit-McPhee'),(4772,'Tucker Albrizzi'),(4773,'Casey Affleck'),(4774,'Christopher Mintz-Plasse'),(4775,'Jennifer Lopez'),(4776,'Michael Chiklis'),(4777,'Wendell Pierce'),(4778,'Clifton Collins Jr.'),(4779,'Dianne Wiest'),(4780,'Jenna Fischer'),(4781,'Christina Applegate'),(4782,'Nicky Whelan'),(4783,'Alexandra Daddario'),(4784,'Douglas Smith'),(4785,'Leven Rambin'),(4786,'Brandon T. Jackson'),(4787,'Dania Ramirez'),(4788,'Sean Kennedy'),(4789,'Kym Perfetto'),(4790,'Anthony Chisholm'),(4791,'Louis C.K.'),(4792,'Eric Stonestreet'),(4793,'Kevin Hart'),(4794,'Jenny Slate'),(4795,'Ellie Kemper'),(4796,'Geoffrey Rush'),(4797,'Orlando Bloom'),(4798,'Peter Dinklage'),(4799,'Josh Gad'),(4800,'Steve Zahn'),(4801,'Karin Konoval'),(4802,'Amiah Miller'),(4803,'Keri Russell'),(4804,'Val Kilmer'),(4805,'Tom Sizemore'),(4806,'Simon Baker'),(4807,'Kevin Hernandez'),(4808,'Daniel GimÉnez Cacho'),(4809,'Jesús Ochoa'),(4810,'Dolores Heredia'),(4811,'Alex Russell'),(4812,'Ashley Hinshaw'),(4813,'Kit Harington'),(4814,'Emily Browning'),(4815,'Nicholas D Agosto'),(4816,'Emma Bell'),(4817,'Miles Fisher'),(4818,'Ellen Wroe'),(4819,'Jacqueline MacInnes Wood'),(4820,'Jonny Weston'),(4821,'Sofia Black-D Elia'),(4822,'Sam Lerner'),(4823,'Allen Evangelista'),(4824,'Virginia Gardner'),(4825,'Marsha Thomason'),(4826,'Paterson Joseph'),(4827,'Jason Merrells'),(4828,'Nicola Stephenson'),(4829,'Steve Wiebe'),(4830,'Lindsay Sloane'),(4831,'Lydia Wilson'),(4832,'Mary-Louise Parker'),(4833,'Stephanie Szostak'),(4834,'Julie Benz'),(4835,'Matthew Marsden'),(4836,'Reynaldo Gallegos'),(4837,'Dakota Goyo'),(4838,'Kevin Durand'),(4839,'Manuela Velasco'),(4840,'Ferran Terraza'),(4841,'Jorge-Yamam Serrano'),(4842,'Pablo Rosso'),(4843,'David Vert'),(4844,'Jonathan D. Mellor'),(4845,'Óscar Zafra'),(4846,'Ariel Casas'),(4847,'Alejandro Casaseca'),(4848,'John Malkovich'),(4849,'Kathy Baker'),(4850,'Ryann Campos'),(4851,'Astrid Bergès-Frisbey'),(4852,'Edward Burns'),(4853,'Adam Goldberg'),(4854,'Ryan McCluskey'),(4855,'Oscar Pearce'),(4856,'Indra OvÉ'),(4857,'Anna Bolt'),(4858,'Joseph May'),(4859,'Sienna Guillory'),(4860,'Oded Fehr'),(4861,'Sophie Vavasseur'),(4862,'Ali Larter'),(4863,'Iain Glen'),(4864,'Ashanti'),(4865,'Kim Coates'),(4866,'Shawn Roberts'),(4867,'Sergio Peris-Mencheta'),(4868,'Eoin Macken'),(4869,'Aryana Engineer'),(4870,'Matt Nable'),(4871,'Katee Sackhoff'),(4872,'Jake T. Austin'),(4873,'Carlinhos Brown'),(4874,'Kristin Chenoweth'),(4875,'Jim Conroy'),(4876,'Jackie Earle Haley'),(4877,'John Lone'),(4878,'Devon Aoki'),(4879,'Luis Guzmán'),(4880,'Wen Jiang'),(4881,'Jim Caviezel'),(4882,'Faran Tahir'),(4883,'Amy Ryan'),(4884,'Eddie Murphy'),(4885,'Alan Alda'),(4886,'Matthew Broderick'),(4887,'John Gallagher Jr.'),(4888,'Suzanne Cryer'),(4889,'Takeru Satô'),(4890,'Emi Takei'),(4891,'Tatsuya Fujiwara'),(4892,'Yôsuke Eguchi'),(4893,'Yûsuke Iseya'),(4894,'Richard Roxburgh'),(4895,'Ioan Gruffudd'),(4896,'Rhys Wakefield'),(4897,'Alice Parkinson'),(4898,'Dan Wyllie'),(4899,'Justin Bartha'),(4900,'Ken Jeong'),(4901,'Jana Banker'),(4902,'Candra Docherty'),(4903,'Andrew Howard'),(4904,'Anna Friel'),(4905,'Mark Harris'),(4906,'Anna Nightingale'),(4907,'Honor Kneafsey'),(4908,'Felix Ryan'),(4909,'Deji LaRay'),(4910,'Vincent Regan'),(4911,'Joseph Gilgun'),(4912,'Gina Torres'),(4913,'Morena Baccarin'),(4914,'Adam Baldwin'),(4915,'Wagner Moura'),(4916,'Jesuíta Barbosa'),(4917,'Laura Neiva'),(4918,'Sophie Charlotte'),(4919,'Yul Brynner'),(4920,'Eli Wallach'),(4921,'Steve McQueen'),(4922,'Horst Buchholz'),(4923,'Charles Bronson'),(4924,'Ashton Kutcher'),(4925,'Kevin Kline'),(4926,'Greta Gerwig'),(4927,'Shaoqun Yu'),(4928,'Chen Zhiui'),(4929,'Xing Yu'),(4930,'Jing Wu'),(4931,'Nicholas Tse'),(4932,'Jared Harris'),(4933,'Natascha McElhone'),(4934,'Holland Taylor'),(4935,'Adelaide Clemens'),(4936,'Radha Mitchell'),(4937,'Alexis Bledel'),(4938,'Powers Boothe'),(4939,'Cara D. Briggs'),(4940,'Seth MacFarlane'),(4941,'Eric Balfour'),(4942,'Scottie Thompson'),(4943,'Brittany Daniel'),(4944,'Crystal Reed'),(4945,'Neil Hopkins'),(4946,'Benicio Del Toro'),(4947,'Dennis Farina'),(4948,'Vinnie Jones'),(4949,'Rade Serbedzija'),(4950,'Kyle Gallner'),(4951,'Cole Konis'),(4952,'Ben Reed'),(4953,'Elise Robertson'),(4954,'Lin Shaye'),(4955,'Leigh Whannell'),(4956,'James Purefoy'),(4957,'Mark O Neal'),(4958,'Robert Orr'),(4959,'Richard Ryan'),(4960,'Frantisek Deak'),(4961,'Thiago Mendonça'),(4962,'Bruno Torres'),(4963,'Daniel Passi'),(4964,'Sandra Corveloni'),(4965,'Julie Wallis'),(4966,'John Holden'),(4967,'Anthony Gregory'),(4968,'Mark Badger Jones'),(4969,'Joan Lowe'),(4970,'Bruce Greenwood'),(4971,'Max Martini'),(4972,'Sarah Polley'),(4973,'Delphine ChanÉac'),(4974,'Brandon McGibbon'),(4975,'Simona Maicanescu'),(4976,'Liev Schreiber'),(4977,'John Slattery'),(4978,'Leonard Nimoy'),(4979,'William Shatner'),(4980,'DeForest Kelley'),(4981,'Nichelle Nichols'),(4982,'Bill Blackburn'),(4983,'Jonathan Frakes'),(4984,'Brent Spiner'),(4985,'LeVar Burton'),(4986,'Michael Dorn'),(4987,'Jake Lloyd'),(4988,'Ian McDiarmid'),(4989,'Hayden Christensen'),(4990,'Christopher Lee'),(4991,'Mark Hamill'),(4992,'Carrie Fisher'),(4993,'Daisy Ridley'),(4994,'James Spader'),(4995,'Jaye Davidson'),(4996,'Viveca Lindfors'),(4997,'Alexis Cruz'),(4998,'Christian Howard'),(4999,'Mike Moh'),(5000,'Shogen'),(5001,'Gaku Space'),(5002,'Boris Kodjoe'),(5003,'James Francis Ginty'),(5004,'Vanessa Hudgens'),(5005,'Valerie Mahaffey'),(5006,'Delphi Harrington'),(5007,'Mike O Malley'),(5008,'Rosemary Harris'),(5009,'Jennifer Ehle'),(5010,'Deborah Kara Unger'),(5011,'Joel Courtney'),(5012,'Jessica Tuck'),(5013,'Joel McKinnon Miller'),(5014,'Ryan Lee'),(5015,'Zach Mills'),(5016,'Julia Stiles'),(5017,'Jeremy Shada'),(5018,'Jon Heder'),(5019,'Melissa Sturm'),(5020,'John Cena'),(5021,'Mark Calaway'),(5022,'Jessica Barth'),(5023,'Judith Hoag'),(5024,'Josh Pais'),(5025,'David Forman'),(5026,'Brian Tochi'),(5027,'Jon Foo'),(5028,'Kelly Overton'),(5029,'Cary-Hiroyuki Tagawa'),(5030,'Ian Anthony Dale'),(5031,'Louise Cardoso'),(5032,'Daniel Filho'),(5033,'Maria Maya'),(5034,'Dan Stulbach'),(5035,'Kim Basinger'),(5036,'Michele Melega'),(5037,'Carla Gugino'),(5038,'Archie Panjabi'),(5039,'Gugu Mbatha-Raw'),(5040,'Daniel Brühl'),(5041,'John Ortiz'),(5042,'Chris O\'Dowd'),(5043,'Alan Rosenberg'),(5044,'Raphael Sbarge'),(5045,'Dabney Coleman'),(5046,'Wendy Moniz'),(5047,'Anya Taylor-Joy'),(5048,'Ralph Ineson'),(5049,'Kate Dickie'),(5050,'Harvey Scrimshaw'),(5051,'Ellie Grainger'),(5052,'Tom Hiddleston'),(5053,'Danielle Panabaker'),(5054,'Matt O Leary'),(5055,'George Finn'),(5056,'John Rhys-Davies'),(5057,'Amin Joseph'),(5058,'Mariana Rios'),(5059,'Kiko Mascarenhas'),(5060,'Fábio Lago'),(5061,'Leandro Firmino'),(5062,'Tim Allen'),(5063,'Joan Cusack'),(5064,'Ned Beatty'),(5065,'Don Rickles'),(5066,'Kate Mara'),(5067,'Tyrese Gibson'),(5068,'Nicola Peltz'),(5069,'Jack Reynor'),(5070,'Laura Haddock'),(5071,'Santiago Cabrera'),(5072,'Rosie Huntington-Whiteley'),(5073,'Garrett Hedlund'),(5074,'Bruce Boxleitner'),(5075,'James Frain'),(5076,'Casper Van Dien'),(5077,'Dina Meyer'),(5078,'Denise Richards'),(5079,'Jake Busey'),(5080,'Dave Franco'),(5081,'Munro Chambers'),(5082,'Laurence Leboeuf'),(5083,'Edwin Wright'),(5084,'Aaron Jeffery'),(5085,'Paddy Considine'),(5086,'Josh Hartnett'),(5087,'Gackt'),(5088,'Ron Perlman'),(5089,'Kevin McKidd'),(5090,'Billy Crystal'),(5091,'Peter Sohn'),(5092,'Lúcio Mauro Filho'),(5093,'Gregório Duvivier'),(5094,'Kelly Macdonald'),(5095,'Julie Walters'),(5096,'Robbie Coltrane'),(5097,'Cara Delevingne'),(5098,'Paul Walker'),(5099,'Jordana Brewster'),(5100,'Ludacris'),(5101,'Hiroyuki Sanada'),(5102,'Olga Dihovichnaya'),(5103,'Danny Romo'),(5104,'Raul Julia-Levy'),(5105,'Damon Whitaker'),(5106,'Lorenzo De La Cruz'),(5107,'Orozco Erlinda'),(5108,'Richard Ayoade'),(5109,'Rosemarie DeWitt'),(5110,'Travis Fimmel'),(5111,'Jeffrey Dean Morgan'),(5112,'Tao Okamoto'),(5113,'Rila Fukushima'),(5114,'Svetlana Khodchenkova'),(5115,'Halle Berry'),(5116,'Laurence Belcher'),(5117,'Bill Milner'),(5118,'Deepika Padukone'),(5119,'Kris Wu'),(5120,'David Spade'),(5121,'Kathryn Hahn'),(5122,'Izabela Vidovic'),(5123,'Jacob Tremblay'),(5125,'Dominic West'),(5126,'Daniel Wu'),(5127,'Dylan OBrien'),(5128,'Matthias Schoenaerts'),(5129,'Karen Gillan'),(5130,'Chadwick Boseman'),(5131,'Danai Gurira'),(5132,'Lupita Nyongo'),(5133,'James Corden'),(5134,'Sia'),(5135,'Fayssal Bazzi'),(5136,'Janet McTeer'),(5137,'Emilia Clarke'),(5138,'Luke Bracey'),(5139,'Mark Tandy'),(5140,'Rufus Jones'),(5141,'Katie Leung'),(5142,'Sally Hawkins'),(5143,'Jason Momoa'),(5144,'Ezra Miller'),(5145,'Burn Gorman'),(5146,'Scott Eastwood'),(5147,'Cailee Spaeny'),(5148,'Lena Waithe'),(5149,'Tye Sheridan'),(5150,'Olivia Cooke'),(5151,'Julian Dennison'),(5152,'Donald Glover'),(5153,'Alden Ehrenreich'),(5154,'John Krasinski'),(5155,'Millicent Simmonds'),(5156,'Noah Jupe'),(5157,'Michael Peña'),(5158,'Dan Fogler'),(5159,'Rami Malek'),(5160,'Lucy Boynton'),(5161,'Gwilym Lee'),(5162,'Ben Hardy'),(5163,'Riz Ahmed'),(5164,'Scott Haze'),(5165,'MÉlanie Laurent'),(5166,'Heath Ledger'),(5167,'Manuel Morón'),(5168,'Rose McGowan'),(5169,'Jenny O Hara'),(5170,'Hera Hilmar'),(5171,'Jihae'),(5172,'Matt O Leary'),(5173,'GrÉgory Fitoussi'),(5174,'Laura Abramsen'),(5175,'A.C. Peterson'),(5176,'Luis Guzmán'),(5177,'Jorge Lendeborg Jr.'),(5178,'Jason Drucker'),(5179,'Taylor Russell'),(5180,'Logan Miller'),(5181,'Jay Ellis'),(5182,'Tyler Labine'),(5183,'John David Washington'),(5184,'Laura Harrier'),(5185,'Topher Grace'),(5186,'Sofía Vergara'),(5187,'Sergi López'),(5188,'Maribel Verdú'),(5189,'Lady Gaga'),(5190,'Sam Elliott'),(5191,'Greg Grunberg'),(5192,'Óscar Zafra'),(5193,'Denis MÉnochet'),(5194,'Raphaël Personnaz'),(5195,'Delphine ChanÉac'),(5196,'Craig T. Nelson'),(5197,'Holly Hunter'),(5198,'Jason Lee'),(5199,'Eve Hewson'),(5200,'Sela Ward'),(5201,'Melissa Sagemiller'),(5202,'Brie Larson'),(5203,'Haley Lu Richardson'),(5204,'Jessica Sula'),(5205,'Taissa Farmiga'),(5206,'Jonas Bloquet'),(5207,'Bonnie Aarons'),(5208,'Shameik Moore'),(5209,'Zachary Levi'),(5210,'Asher Angel'),(5211,'Jack Dylan Grazer'),(5212,'Ashton Sanders'),(5213,'Orson Bean'),(5214,'Angourie Rice'),(5215,'Zendaya'),(5216,'Jóhannes Haukur Jóhannesson'),(5217,'Marcin Kowalczyk'),(5218,'Jens Hultén'),(5219,'Jonathan Banks'),(5220,'Owen Vaccaro'),(5221,'Kyle MacLachlan'),(5222,'Mena Massoud'),(5223,'Naomi Scott'),(5224,'Marwan Kenzari'),(5225,'Millie Bobby Brown'),(5226,'Sasha Lane'),(5227,'Christina Hendricks'),(5228,'Jordan Peele'),(5229,'Richard Harris');
/*!40000 ALTER TABLE `mc_ato_ator` ENABLE KEYS */;
UNLOCK TABLES;

--
-- Table structure for table `mc_dir_diretor`
--

DROP TABLE IF EXISTS `mc_dir_diretor`;
/*!40101 SET @saved_cs_client     = @@character_set_client */;
/*!40101 SET character_set_client = utf8 */;
CREATE TABLE `mc_dir_diretor` (
  `dir_diretor_id` int(11) NOT NULL AUTO_INCREMENT,
  `dir_nome` varchar(45) NOT NULL,
  PRIMARY KEY (`dir_diretor_id`)
) ENGINE=InnoDB AUTO_INCREMENT=1121 DEFAULT CHARSET=utf8;
/*!40101 SET character_set_client = @saved_cs_client */;

--
-- Dumping data for table `mc_dir_diretor`
--

LOCK TABLES `mc_dir_diretor` WRITE;
/*!40000 ALTER TABLE `mc_dir_diretor` DISABLE KEYS */;
INSERT INTO `mc_dir_diretor` VALUES (697,'Sam Mendes'),(698,'Martin Campbell'),(699,'Marc Forster'),(700,'David Fincher'),(701,'Peter Hyams'),(702,'Michael Spierig'),(703,'Noam Murro'),(704,'Dominic Sena'),(705,'Paul Haggis'),(706,'Kevin Macdonald'),(707,'Noel Clarke'),(708,'Gary Trousdale'),(709,'Denis Villeneuve'),(710,'Matthijs van Heijningen Jr.'),(711,'Juan JosÉ Campanella'),(712,'Peter Horton'),(713,'Evan Goldberg'),(714,'Mike Thurmeier'),(715,'Adam Shankman'),(716,'Catherine Hardwicke'),(717,'Yimou Zhang'),(718,'Mel Brooks'),(719,'Michael Bay'),(720,'Martin Scorsese'),(721,'Oleg Stepchenko'),(722,'David Yates'),(723,'Zack Snyder'),(724,'Fede Alvarez'),(725,'Alex Kurtzman'),(726,'Christopher Nolan'),(727,'Peter Ramsey'),(728,'Mike Cahill'),(729,'Pedro Almodóvar'),(730,'J Blakeson'),(731,'Aleksandr Kott'),(732,'Robert Schwentke'),(733,'Julie Taymor'),(734,'James Marsh'),(735,'Nikolaj Arcel'),(736,'William Kaufman'),(737,'Dennis Iliadis'),(738,'Roberto Benigni'),(739,'Rupert Sanders'),(740,'Neil Marshall'),(741,'Timur Bekmambetov'),(742,'Adrian Vitoria'),(743,'Gabe Ibánez'),(744,'Kathrine Windfeld'),(745,'Alejandro Amenábar'),(746,'Francis Lawrence'),(747,'Katsuhiro Ôtomo'),(748,'Clint Eastwood'),(749,'Michael Mann'),(750,'Clyde Geronimi'),(751,'Ridley Scott'),(752,'Jon Hurwitz'),(753,'Tom Ford'),(754,'Kim Manners'),(755,'Phil Lord'),(756,'Måns Mårlind'),(757,'Anna Foerster'),(758,'Len Wiseman'),(759,'Patrick Tatopoulos'),(760,'Carlos Hugo Christensen'),(761,'Jim Mickle'),(762,'Ron Howard'),(763,'Shinji Aramaki'),(764,'Jonah Loop'),(765,'Ben Affleck'),(766,'Tony Elliott'),(767,'Ang Lee'),(768,'Steven Spielberg'),(769,'Michael Apted'),(770,'Andrew Adamson'),(771,'Glauber Filho'),(772,'Dave Green'),(773,'Rob Letterman'),(774,'Marcos Paulo'),(775,'Rob Minkoff'),(776,'Rian Johnson'),(777,'Justin Kurzel'),(778,'Joe Cornish'),(779,'Nick Cassavetes'),(780,'David Leitch'),(781,'James Cameron'),(782,'Quentin Tarantino'),(783,'Peter Berg'),(784,'William Wyler'),(785,'João Daniel Tikhomiroff'),(786,'Alejandro G. Inárritu'),(787,'Ethan Coen'),(788,'David Ayer'),(789,'Michel Gondry'),(790,'Olivier Megaton'),(791,'Ruben Fleischer'),(792,'AndrÉ Øvredal'),(793,'George Clooney'),(794,'Joe Johnston'),(795,'Anthony Russo'),(796,'Brian De Palma'),(797,'John Lasseter'),(798,'Nicholas Stoller'),(799,'Daniel Monzón'),(800,'Neill Blomkamp'),(801,'Bradley Parker'),(802,'Daniel Filho'),(803,'JosÉ Alvarenga Jr.'),(804,'Kenneth Branagh'),(805,'James Foley'),(806,'Guillermo del Toro'),(807,'Darren Aronofsky'),(808,'Gil Kenan'),(809,'Matt Reeves'),(810,'John Milius'),(811,'Brad Furman'),(812,'David Schwimmer'),(813,'Steven Soderbergh'),(814,'Robert Zemeckis'),(815,'Duncan Jones'),(816,'M. Night Shyamalan'),(817,'Jordan Peele'),(818,'Mark Rydell'),(819,'Ryan Coogler'),(820,'Bill Condon'),(821,'David Slade'),(822,'Chris Weitz'),(823,'Roberto Santucci'),(824,'Chad Stahelski'),(825,'Tim Miller'),(826,'Roel ReinÉ'),(827,'Peter Farrelly'),(828,'Gavin Hood'),(829,'John Erick Dowdle'),(830,'Marcus Nispel'),(831,'Jaume Collet-Serra'),(832,'Jeff Nichols'),(833,'Hark Tsui'),(834,'Rich Moore'),(835,'Andy Milligan'),(836,'Neil Burger'),(837,'Pete Docter'),(838,'Baltasar Kormákur'),(839,'Scott Derrickson'),(840,'Gary Shore'),(841,'James Wong'),(842,'Pete Travis'),(843,'Nicolas Winding Refn'),(844,'Lee Tamahori'),(845,'John Moore'),(846,'Terry Cunningham'),(847,'Peter Billingsley'),(848,'James Mangold'),(849,'Jim Sheridan'),(850,'Tarsem Singh'),(851,'Dennis Dugan'),(852,'Theodore Melfi'),(853,'D.J. Caruso'),(854,'Kike Maíllo'),(855,'Alex Garland'),(856,'Danny Boyle'),(857,'Juan Carlos Fresnadillo'),(858,'Rawson Marshall Thurber'),(859,'RenÉ Sampaio'),(860,'Erik de Castro'),(861,'Colin Minihan'),(862,'Alfonso Cuarón'),(863,'Hironobu Sakaguchi'),(864,'StÉphane Rybojad'),(865,'Stuart Beattie'),(866,'Desmond Davis'),(867,'Jonathan Liebesman'),(868,'Patrick Lussier'),(869,'Jon M. Chu'),(870,'Stephen Sommers'),(871,'Yasushi Kawamura'),(872,'Roy Burdine'),(873,'Andrew Niccol'),(874,'Gareth Edwards'),(875,'Jeff Balsmeyer'),(876,'Andrew Stanton'),(877,'James Gunn'),(878,'McG'),(879,'Gavin O Connor'),(880,'Stewart Hendler'),(881,'Joe Wright'),(882,'Ilya Naishuller'),(883,'Chris Columbus'),(884,'Mike Newell'),(885,'Brett Ratner'),(886,'Alejo Mo-Sun'),(887,'Shane Black'),(888,'Jon Favreau'),(889,'Jon Watts'),(890,'Peyton Reed'),(891,'Barry Sonnenfeld'),(892,'Genndy Tartakovsky'),(893,'Mike Rohl'),(894,'Daniel Ragussis'),(895,'Tony Scott'),(896,'Roland Emmerich'),(897,'Antoine Fuqua'),(898,'Babak Najafi'),(899,'Baran bo Odar'),(900,'James Wan'),(901,'Wilson Yip'),(902,'Herman Yau'),(903,'Andy Muschietti'),(904,'Bryan Singer'),(905,'Christopher McQuarrie'),(906,'Edward Zwick'),(907,'Jeff Tremaine'),(908,'Doug Liman'),(909,'Tommy Wirkola'),(910,'Kevin Greutert'),(911,'Gary Ross'),(912,'Colin Trevorrow'),(913,'John G. Avildsen'),(914,'Jeff Wadlow'),(915,'Steven Gomez'),(916,'Peter Jackson'),(917,'Takeshi Nozue'),(918,'Matthew Vaughn'),(919,'Jennifer Yuh Nelson'),(920,'Alessandro Carloni'),(921,'Damien Chazelle'),(922,'Carl Bessai'),(923,'Stanley Kubrick'),(924,'Chris McKay'),(925,'Lauren Montgomery'),(926,'Allen Hughes'),(927,'Garth Davis'),(928,'Luc Besson'),(929,'Ben Ramsey'),(930,'Ethan Maniquis'),(931,'George Miller'),(932,'Eric Darnell'),(933,'Anna Muylaert'),(934,'Lana Wachowski'),(935,'Wes Ball'),(936,'Tom McGrath'),(937,'Woody Allen'),(938,'Lars von Trier'),(939,'Simon West'),(940,'Pierre Coffin'),(941,'CÉsar Rodrigues'),(942,'Brad Bird'),(943,'Barry Jenkins'),(944,'Mark Neveldine'),(945,'Felipe Joffily'),(946,'Patty Jenkins'),(947,'Mike Gunther'),(948,'Michael Noer'),(949,'Ray Austin'),(950,'Tony Goldwyn'),(951,'Ric Roman Waugh'),(952,'Jon Turteltaub'),(953,'Michel Hazanavicius'),(954,'Daniel Nettheim'),(955,'Anne K. Black'),(956,'Cedric Nicolas-Troyan'),(957,'Galt Niederhoffer'),(958,'Hayao Miyazaki'),(959,'Gore Verbinski'),(960,'Boaz Yakin'),(961,'Pedro Vasconcelos'),(962,'James McTeigue'),(963,'J.C. Chandor'),(964,'Tom Hooper'),(965,'Larry Charles'),(966,'Phillip Noyce'),(967,'John Carpenter'),(968,'Marc Webb'),(969,'Jean-Pierre Jeunet'),(970,'Glenn Ficarra'),(971,'Baz Luhrmann'),(972,'Andrew Dominik'),(973,'Pascal Laugier'),(974,'Farhan Akhtar'),(975,'J.A. Bayona'),(976,'Louis Leterrier'),(977,'Morten Tyldum'),(978,'Tim Burton'),(979,'Tony Gilroy'),(980,'Albert Hughes'),(981,'Frank Darabont'),(982,'Roger Donaldson'),(983,'Jacques Audiard'),(984,'Oliver Parker'),(985,'Mikael Håfström'),(986,'Drew Goddard'),(987,'Florian Henckel von Donnersmarck'),(988,'Jee-woon Kim'),(989,'Paul Verhoeven'),(990,'Joseph Kosinski'),(991,'Prachya Pinkaew'),(992,'Don Hall'),(993,'Gareth Evans'),(994,'George Nolfi'),(995,'Gary McKendry'),(996,'Shawn Levy'),(997,'Jon Jones'),(998,'Harald Zwart'),(999,'Sylvester Stallone'),(1000,'Patrick Hughes'),(1001,'Andrucha Waddington'),(1002,'Raja Gosnell'),(1003,'Paul W.S. Anderson'),(1004,'Kazuaki Kiriya'),(1005,'Sam Raimi'),(1006,'Christian Alvart'),(1007,'Elizabeth Banks'),(1008,'Marcos Prado'),(1009,'Chris Butler'),(1010,'Taylor Hackford'),(1011,'Rodrigo García'),(1012,'Bobby Farrelly'),(1013,'Thor Freudenthal'),(1014,'David Koepp'),(1015,'Chris Renaud'),(1016,'Rob Marshall'),(1017,'Joachim Rønning'),(1018,'Antony Hoffman'),(1019,'Adrian Grunberg'),(1020,'Josh Trank'),(1021,'Steven Quale'),(1022,'Dean Israelite'),(1023,'Marc Evans'),(1024,'Seth Gordon'),(1025,'Richard Curtis'),(1026,'Jaume Balagueró'),(1027,'Dean Parisot'),(1028,'Guy Ritchie'),(1029,'Alexander Witt'),(1030,'Russell Mulcahy'),(1031,'David Twohy'),(1032,'Carlos Saldanha'),(1033,'JosÉ Padilha'),(1034,'Philip G. Atwell'),(1035,'Dan Trachtenberg'),(1036,'Keishi Ohtomo'),(1037,'Alister Grierson'),(1038,'Todd Phillips'),(1039,'Oliver Stone'),(1040,'Mark Harris'),(1041,'James Mather'),(1042,'Joss Whedon'),(1043,'Heitor Dhalia'),(1044,'John Sturges'),(1045,'Ivan Reitman'),(1046,'Benny Chan'),(1047,'Peter Weir'),(1048,'Michael J. Bassett'),(1049,'Frank Miller'),(1050,'Garth Jennings'),(1051,'Colin Strause'),(1052,'Antonio Carlos da Fontoura'),(1053,'Matt Greenhalgh'),(1054,'Nic Mathieu'),(1055,'Vincenzo Natali'),(1056,'Tom McCarthy'),(1057,'Marc Daniels'),(1058,'J.J. Abrams'),(1059,'Stuart Baird'),(1060,'David Carson'),(1061,'Jonathan Frakes'),(1062,'Justin Lin'),(1063,'George Lucas'),(1064,'Joey Ansah'),(1065,'Jonathan Mostow'),(1066,'István Szabó'),(1067,'Paul Greengrass'),(1068,'Henry Yu'),(1069,'Seth MacFarlane'),(1070,'Steve Barron'),(1071,'Dwight H. Little'),(1072,'Brad Peyton'),(1073,'Julius Onah'),(1074,'Joan Tewkesbury'),(1075,'Robert Eggers'),(1076,'Alan Taylor'),(1077,'Taika Waititi'),(1078,'Bradley King'),(1079,'Rodrigo Bittencourt'),(1080,'Lee Unkrich'),(1081,'Wally Pfister'),(1082,'François Simard'),(1083,'Peter Landesman'),(1084,'Guy Moshe'),(1085,'Dan Scanlon'),(1086,'Maurício Farias'),(1087,'Mark Andrews'),(1088,'Daniel Espinosa'),(1089,'Daniel Zirilli'),(1090,'John McTiernan'),(1091,'Akiva Schaffer'),(1092,'Steven Brill'),(1093,'Stephen Chbosky'),(1094,'Roar Uthaug'),(1095,'Jake Kasdan'),(1096,'Will Gluck'),(1097,'Thea Sharrock'),(1098,'Mel Gibson'),(1099,'Steven S. DeKnight'),(1100,'[n/a]'),(1101,'Steven Caple Jr.'),(1102,'Christian Rivers'),(1103,'Dan Berk'),(1104,'Travis Knight'),(1105,'Adam Robitel'),(1106,'Spike Lee'),(1107,'Rupert Wyatt'),(1108,'Otto Bathurst'),(1109,'Andrew Davis'),(1110,'Phil Johnston'),(1111,'Anna Boden'),(1112,'Corin Hardy'),(1113,'Bob Persichetti'),(1114,'David F. Sandberg'),(1115,'Eli Roth'),(1116,'Michael Dougherty'),(1117,'Dexter Fletcher'),(1118,'F. Gary Gray'),(1119,'Josh Cooley'),(1120,'Simon Kinberg');
/*!40000 ALTER TABLE `mc_dir_diretor` ENABLE KEYS */;
UNLOCK TABLES;

--
-- Table structure for table `mc_fil_filme`
--

DROP TABLE IF EXISTS `mc_fil_filme`;
/*!40101 SET @saved_cs_client     = @@character_set_client */;
/*!40101 SET character_set_client = utf8 */;
CREATE TABLE `mc_fil_filme` (
  `fil_filme_id` int(11) NOT NULL AUTO_INCREMENT,
  `fil_titulo` varchar(90) NOT NULL,
  `fil_titulo_original` varchar(90) DEFAULT NULL,
  `fil_ano` int(11) NOT NULL,
  `fil_rating` decimal(2,1) NOT NULL,
  `fil_dir_diretor_id` int(11) NOT NULL,
  `fil_visto` varchar(1) DEFAULT NULL,
  `fil_periodo` datetime DEFAULT NULL,
  `fil_update` datetime DEFAULT NULL,
  PRIMARY KEY (`fil_filme_id`,`fil_dir_diretor_id`),
  KEY `fk_mc_fil_filme_mc_dir_diretor_idx` (`fil_dir_diretor_id`),
  CONSTRAINT `fk_mc_fil_filme_mc_dir_diretor` FOREIGN KEY (`fil_dir_diretor_id`) REFERENCES `mc_dir_diretor` (`dir_diretor_id`) ON DELETE NO ACTION ON UPDATE NO ACTION
) ENGINE=InnoDB AUTO_INCREMENT=1569 DEFAULT CHARSET=utf8;
/*!40101 SET character_set_client = @saved_cs_client */;

--
-- Dumping data for table `mc_fil_filme`
--

LOCK TABLES `mc_fil_filme` WRITE;
/*!40000 ALTER TABLE `mc_fil_filme` DISABLE KEYS */;
INSERT INTO `mc_fil_filme` VALUES (837,'007 Contra Spectre','007 Spectre',2015,6.8,697,'x','2016-02-01 00:00:00','2016-06-21 00:00:00'),(838,'007: Casino Royale','007: Casino Royale',2006,8.0,698,'n','2013-06-01 00:00:00','2016-06-22 00:00:00'),(839,'007: Quantum of Solace','007: Quantum of Solace',2008,6.7,699,'n','2013-06-01 00:00:00','2016-06-22 00:00:00'),(840,'007: Skyfall','007: Skyfall',2012,7.8,697,'x','2013-06-01 00:00:00','2016-06-22 00:00:00'),(841,'12 Horas','Gone',2014,8.1,700,'x','2012-01-01 00:00:00','2016-06-21 00:00:00'),(842,'2010 O Ano que Fizemos Contato','2010 The Year We Make Contact',1984,6.8,701,'x','2012-01-01 00:00:00','2016-06-21 00:00:00'),(843,'2019 - O Ano da Extinção','Daybreakers',2009,6.5,702,'x','2012-01-01 00:00:00','2016-06-21 00:00:00'),(844,'300: A Ascensão do Império','300: Rise of an Empire',2014,6.2,703,'x','2014-08-01 00:00:00','2016-06-21 00:00:00'),(845,'60 Segundos','Gone in 60 Seconds',2000,6.5,704,'x','2012-01-01 00:00:00','2016-06-21 00:00:00'),(846,'72 Horas','The Next Three Days',2010,7.4,705,'x','2012-01-01 00:00:00','2016-06-21 00:00:00'),(847,'A Águia da Legião Perdida','The Eagle',2011,6.2,706,'x','2012-01-01 00:00:00','2016-06-21 00:00:00'),(848,'A Anomalía','The Anomaly',2014,4.8,707,'x','2015-06-01 00:00:00','2016-06-21 00:00:00'),(849,'A Bela e a Fera','Beauty and the Beast',1991,8.0,708,'',NULL,'2017-07-23 00:00:00'),(850,'A Chegada','Arrival',2016,8.0,709,'x','2017-05-01 00:00:00','0001-01-01 00:00:00'),(851,'A Coisa','The Thing',2011,6.2,710,'x','2012-01-01 00:00:00','2016-06-21 00:00:00'),(852,'A Colônia','The Colony',2016,7.3,711,'x','2013-12-01 00:00:00','2016-06-21 00:00:00'),(853,'A Cura','The Cure',1995,7.7,712,'x','2017-09-01 00:00:00','2017-06-19 00:00:00'),(854,'A Entrevista','Interview',2014,6.6,713,'x','2015-06-01 00:00:00','2016-06-21 00:00:00'),(855,'A Era do Gelo O Big Bang','Ice Age: Collision Course',2016,5.7,714,'',NULL,'2017-07-23 00:00:00'),(856,'A Era do Rock','Rock of Ages',2012,5.9,715,'x','2012-01-01 00:00:00','2016-06-21 00:00:00'),(857,'A Garota da Capa Vermelha','Red Riding Hood',2011,5.4,716,'x','2012-01-01 00:00:00','2016-06-21 00:00:00'),(858,'A Grande Muralha','The Great Wall',2016,6.0,717,'x','2017-06-01 00:00:00','2017-06-19 00:00:00'),(859,'A HISTÓRIA DO MUNDO','History of the World: Part I',1981,6.9,718,'x','2012-01-01 00:00:00','2016-06-21 00:00:00'),(860,'A Ilha','The Island',2005,6.9,719,'x','2012-01-01 00:00:00','2016-06-21 00:00:00'),(861,'A Invenção de Hugo Cabret','Hugo',2011,7.5,720,'x','2013-02-01 00:00:00','2016-06-21 00:00:00'),(862,'A Lenda','Viy',2014,5.4,721,'x','2016-03-01 00:00:00','2016-06-21 00:00:00'),(863,'A Lenda de Tranzan','The Legend of Tarzan',2016,6.4,722,'x','2017-06-01 00:00:00','2016-11-30 00:00:00'),(864,'A Lenda dos Guardioes','Legend of the Guardians: The Owls of Ga\'Hoole',2010,7.0,723,'x','2012-01-01 00:00:00','2016-06-21 00:00:00'),(865,'A Morte do Demônio','Evil Dead',2013,6.5,724,'x','2013-12-01 00:00:00','2016-06-21 00:00:00'),(866,'A Múmia','The Mummy',2017,5.5,725,'x','2018-02-01 00:00:00','2018-02-23 00:00:00'),(867,'A Origem','Inception',2010,8.8,726,'x','2012-01-01 00:00:00','2016-06-21 00:00:00'),(868,'A Origem dos Guardiões','Rise of the Guardians',2012,7.3,727,'x','2013-07-01 00:00:00','2016-06-21 00:00:00'),(869,'A Outra Terra','Another Earth',2011,7.0,728,'x','2012-01-01 00:00:00','2016-06-21 00:00:00'),(870,'A Pele que Habito','La piel que habito ',2011,7.6,729,'x','2012-01-01 00:00:00','2016-06-21 00:00:00'),(871,'A Quinta Onda','The 5th Wave',2016,5.2,730,'x','2016-10-01 00:00:00','2016-06-21 00:00:00'),(872,'A Rede Social','The Social Network',2010,7.7,700,'x','2012-01-01 00:00:00','2016-06-21 00:00:00'),(873,'A Resistência','Fortress of War',2010,7.5,731,'x','2012-01-01 00:00:00','2016-06-21 00:00:00'),(874,'A Série Divergente: Convergente','Allegiant',2016,5.8,732,'x','2016-11-01 00:00:00','2016-07-27 00:00:00'),(875,'A Série Divergente: Insurgente','Insurgent',2015,6.3,732,'x','2015-08-01 00:00:00','2016-06-21 00:00:00'),(876,'A Tempestade','The Tempest',2010,5.4,733,'x','2012-01-01 00:00:00','2016-06-21 00:00:00'),(877,'A Teoria de Tudo','The Theory of Everything',2014,7.7,734,'x','2015-07-01 00:00:00','2016-06-21 00:00:00'),(878,'A Torre Negra','The Dark Tower',2017,5.7,735,'x','2018-01-01 00:00:00','2018-02-23 00:00:00'),(879,'A Última Bala','One in the Chamber',2012,5.2,736,'x','2013-06-01 00:00:00','2016-06-21 00:00:00'),(880,'A Última Casa','The Last House on the Left',2009,6.6,737,'x','2012-01-01 00:00:00','2016-06-21 00:00:00'),(882,'A Vigilante do Amanhã','Ghost in the Shell',2017,6.6,739,'x','2017-08-01 00:00:00','2017-07-23 00:00:00'),(883,'Abismo do Medo','The Descent',2005,7.2,740,'x','2012-01-01 00:00:00','2016-06-21 00:00:00'),(884,'Abraham Lincoln: Caçador de Vampiros','Abraham Lincoln: Vampire Hunter',2012,5.9,741,'x','2013-01-01 00:00:00','2016-06-21 00:00:00'),(885,'Age of Heroes','Age of Heroes',2011,5.6,742,'x','2012-01-01 00:00:00','2016-06-22 00:00:00'),(886,'Agente do Futuro','Autómata',2014,6.1,743,'x','2015-03-01 00:00:00','2016-06-21 00:00:00'),(887,'Agente H','Hamilton: I nationens intresse',2012,6.3,744,'x','2013-07-01 00:00:00','2016-06-21 00:00:00'),(888,'Agora','Agora',2009,7.2,745,'x','2012-01-01 00:00:00','2016-06-22 00:00:00'),(889,'Água para Elefantes','Water for Elephants',2011,6.9,746,'x','2012-01-01 00:00:00','2016-06-21 00:00:00'),(890,'Akira','Akira',1988,8.1,747,'x','2012-01-01 00:00:00','2016-06-22 00:00:00'),(891,'Além da Vida','Here After',2010,6.5,748,'x','2012-01-01 00:00:00','2016-06-21 00:00:00'),(892,'Ali','Ali',2001,6.8,749,'x','2012-01-01 00:00:00','2016-06-22 00:00:00'),(893,'Alice no Pais das Maravilhas','Alice no Pais das Maravilhas',1951,7.4,750,'x','2012-01-01 00:00:00','2016-06-22 00:00:00'),(894,'Alien: Covenant','Alien: Covenant',2017,6.6,751,'x','2017-10-01 00:00:00','2017-08-22 00:00:00'),(895,'American Pie 8','American Reunion',2012,6.7,752,'x','2013-07-01 00:00:00','2016-06-21 00:00:00'),(896,'Amnésia','Memento',2000,8.5,726,'x','2012-01-01 00:00:00','2016-06-21 00:00:00'),(897,'Animais Fantásticos e Onde Habitam','Fantastic Beasts and Where to Find Them',2016,7.6,722,'x','2017-04-01 00:00:00','0001-01-01 00:00:00'),(898,'Animais Noturnos','Animais Noturnos',2016,7.5,753,'x','2018-04-01 00:00:00','2018-02-23 00:00:00'),(899,'Anjos da Lei','21 Jump Street',1987,7.3,754,'x','2012-01-01 00:00:00','2016-06-21 00:00:00'),(900,'Anjos da Lei 2','22 Jump Street',2014,7.1,755,'x','2015-09-01 00:00:00','2016-06-21 00:00:00'),(901,'Anjos da Noite 4','Underworld: Awakening',2012,6.4,756,'x','2012-01-01 00:00:00','2016-06-21 00:00:00'),(902,'Anjos da Noite Guerras de Sangue','Underworld: Blood Wars',2016,6.0,757,'x','2017-03-01 00:00:00','0001-01-01 00:00:00'),(904,'Anjos da Noite - A Evolução','Underworld: Evolution ',2006,6.8,758,'x','2012-01-01 00:00:00','2016-06-21 00:00:00'),(905,'Anjos da Noite - a Rebelião','Underwold - Riser of the Lycans',2009,6.6,759,'x','2012-01-01 00:00:00','2016-06-21 00:00:00'),(906,'Anjos e Demonios','Anjos e Demonios',1970,6.3,760,'x','2012-01-01 00:00:00','2016-06-22 00:00:00'),(907,'Anoitecer Violento','Stake Land',2010,6.5,761,'x','2012-01-01 00:00:00','2016-06-21 00:00:00'),(908,'Apolo 13','Apolo 13',1995,7.6,762,'x','2012-01-01 00:00:00','2016-06-22 00:00:00'),(909,'Appleseed Alpha','Appleseed Alpha',2014,6.6,763,'n','2016-01-01 00:00:00','0001-01-01 00:00:00'),(910,'Arena','Arena',2011,4.8,764,'x','2012-01-01 00:00:00','2016-06-22 00:00:00'),(911,'Argo','Argo',2012,7.7,765,'x','2013-09-01 00:00:00','2016-06-21 00:00:00'),(912,'ARQ','ARQ',2016,6.4,766,'n','2017-01-01 00:00:00','2017-01-30 00:00:00'),(913,'As Aventuras de PI','Life of Pi',2012,8.0,767,'x','2013-03-01 00:00:00','2016-06-21 00:00:00'),(914,'As Aventuras de Tintim','As Aventuras de Tintim',2011,7.4,768,'x','2012-01-01 00:00:00','2016-06-22 00:00:00'),(915,'As Crônicas de árnia A Viagem do Peregrino da Alvorada','The Chronicles of Narnia: The Voyage of the Dawn Treader',2010,6.3,769,'x','2017-06-01 00:00:00','2017-05-23 00:00:00'),(916,'As Crônicas de Nárnia Príncipe Caspian','The Chronicles of Narnia: Prince Caspian',2008,6.6,770,'x','2017-06-01 00:00:00','2017-05-23 00:00:00'),(917,'As Mães de Chico Xavier','As Mães de Chico Xavier',2011,6.0,771,'x','2012-01-01 00:00:00','2016-06-22 00:00:00'),(918,'As Tartarugas Ninja: Fora das Sombras','Teenage Mutant Ninja Turtles: Out of the Shadows',2016,6.1,772,'x','2017-09-01 00:00:00','2016-10-27 00:00:00'),(919,'As Viagens de Gulliver','As Viagens de Gulliver',2010,4.9,773,'x','2012-01-01 00:00:00','2016-06-22 00:00:00'),(921,'Assalto em Dose Dupla','Flypaper',2011,6.4,775,'x','2012-01-01 00:00:00','2016-06-21 00:00:00'),(922,'Assasinos do Futuro','Looper',2012,7.4,776,'x','2013-03-01 00:00:00','2016-06-21 00:00:00'),(923,'Assassins Creed','Assassin s Creed',2016,6.2,777,'x','2017-05-01 00:00:00','0001-01-01 00:00:00'),(924,'Ataque ao Predio','Attack the Block',2011,6.6,778,'x','2012-01-01 00:00:00','2016-06-21 00:00:00'),(925,'Ato de Coragem','Jonh Q',2002,7.0,779,'x','2013-03-01 00:00:00','2016-06-21 00:00:00'),(926,'Atômica','Atomic Blonde',2017,6.7,780,'x','2018-01-01 00:00:00','2018-02-26 00:00:00'),(927,'Atracao Perigosa ','The Town',2010,7.6,765,'x','2012-01-01 00:00:00','2016-06-21 00:00:00'),(928,'Avatar','Avatar',2009,7.9,781,'x','2012-01-01 00:00:00','2016-06-22 00:00:00'),(931,'Batman - Cavaleiro das Trevas Ressurge','The Dark Knight Rises',2012,8.5,726,'x','2012-01-01 00:00:00','2016-06-21 00:00:00'),(932,'Batman v Superman: Dawn of Justice','Batman v Superman: Dawn of Justice',2016,7.0,723,'x','2016-07-01 00:00:00','2016-07-19 00:00:00'),(933,'Battleship','Battleship',2012,5.9,783,'x','2012-01-01 00:00:00','2016-06-22 00:00:00'),(934,'Bem-hur','Ben-Hur',2016,5.7,784,'x','2017-01-01 00:00:00','0001-01-01 00:00:00'),(935,'Besouro','Besouro',2009,5.7,785,'x','2013-04-01 00:00:00','2016-06-22 00:00:00'),(937,'Blade Runner','Blade Runner',1982,8.2,751,'x','2012-01-01 00:00:00','2016-06-22 00:00:00'),(938,'Blade Runner 2049','Blade Runner 2049',2017,8.2,709,'x','2018-03-01 00:00:00','2018-02-23 00:00:00'),(940,'Bravura Indômita','True Grit',2010,7.7,787,'x','2012-01-01 00:00:00','2016-06-21 00:00:00'),(941,'Bright','Bright',2017,6.5,788,'n','2018-01-01 00:00:00','2018-02-23 00:00:00'),(942,'Brilho Eterno de Um Mente sem Lembranças','Eternal Sunshine of the Spotless Mind',2004,8.3,789,'x','2012-01-01 00:00:00','2016-06-21 00:00:00'),(943,'Busca implacável','Taken 2',2012,6.3,790,'x','2013-07-01 00:00:00','2016-06-21 00:00:00'),(944,'Busca implacável 3','Taken 3',2014,6.0,790,'x','2015-05-01 00:00:00','2016-06-21 00:00:00'),(945,'Caça aos Gângsteres','Gangster Squad',2013,6.7,791,'x','2013-08-01 00:00:00','2016-06-21 00:00:00'),(947,'Caçadores de Obras-Primas','The Monuments Men',2014,6.1,793,'x','2015-03-01 00:00:00','2016-06-21 00:00:00'),(949,'Capitão América 2: O Soldado Invernal','Captain America: The Winter Soldier',2014,7.8,795,'x','2014-08-01 00:00:00','2016-06-21 00:00:00'),(950,'Capitão América: Guerra Civil','Captain America: Civil War',2016,8.0,795,'x','2016-11-01 00:00:00','2016-10-27 00:00:00'),(951,'Carrie, a Estranha','Carrie',1976,7.4,796,'x','2014-08-01 00:00:00','2016-06-21 00:00:00'),(952,'Carros 2','Cars 2',2011,6.3,797,'x','2012-01-01 00:00:00','2016-06-21 00:00:00'),(953,'Cegonhas','Storks',2016,6.9,798,'x','2017-01-01 00:00:00','2017-01-30 00:00:00'),(955,'Chappie','Chappie',2015,6.9,800,'x','2016-03-01 00:00:00','2016-06-21 00:00:00'),(957,'Chico Xavier','Chico Xavier',2010,7.0,802,'x','2012-01-01 00:00:00','2016-06-21 00:00:00'),(958,'Cilada.com','Cilada.com',2011,5.1,803,'x','2012-01-01 00:00:00','2016-06-22 00:00:00'),(959,'Cinderela','Cinderella',2015,7.0,804,'x','2016-03-01 00:00:00','2016-06-21 00:00:00'),(960,'Cinquenta Tons Mais Escuros','Fifty Shades Darker',2017,4.6,805,'x','2017-09-01 00:00:00','2017-05-23 00:00:00'),(961,'Círculo de Fogo','Pacific Rim',2013,7.0,806,'x','2013-11-01 00:00:00','2016-06-21 00:00:00'),(962,'Cisne Negro','Black Swan',2010,8.0,807,'x','2012-01-01 00:00:00','2016-06-21 00:00:00'),(963,'City of Ember','City of Ember',2008,6.5,808,'x','2012-01-01 00:00:00','2016-06-22 00:00:00'),(965,'Clube da Luta','Fight Club',1999,8.9,700,'x','2012-01-01 00:00:00','2016-06-21 00:00:00'),(966,'Colombiana','Colombiana',2011,6.4,790,'X','2013-02-01 00:00:00','2016-06-22 00:00:00'),(968,'Conexão Escobar','The Infiltrator',2016,7.1,811,'x','2016-12-01 00:00:00','2016-11-30 00:00:00'),(969,'Confiar','Trust',2010,7.0,812,'x','2012-01-01 00:00:00','2016-06-21 00:00:00'),(970,'Contagio','Contagion',2011,6.6,813,'x','2012-01-01 00:00:00','2016-06-21 00:00:00'),(972,'Contra o Tempo','Source Code',2011,7.5,815,'x','2012-01-01 00:00:00','2016-06-21 00:00:00'),(973,'Corações de Ferro','Fury',2014,7.6,788,'x','2016-02-01 00:00:00','2016-06-21 00:00:00'),(974,'Corpo Fechado','Unbreakable',2000,7.2,816,'n','2014-01-01 00:00:00','2016-06-21 00:00:00'),(975,'Corra','Get Out',2017,7.7,817,'x','2018-05-01 00:00:00','0001-01-01 00:00:00'),(977,'Creed','Creed',2015,7.7,819,'x','2016-11-01 00:00:00','2016-06-21 00:00:00'),(980,'Crespúsculo: Eclipse','The Twilight Saga: Eclipse ',2010,4.9,821,'n','2012-01-01 00:00:00','2016-06-21 00:00:00'),(981,'Crespúsculo: Lua Nova','The Twilight Saga: New Moon ',2009,4.6,822,'n','2012-01-01 00:00:00','2016-06-21 00:00:00'),(982,'De Pernas pro Ar 2','De Pernas pro Ar 2',2012,5.8,823,'x','2013-01-01 00:00:00','2016-06-22 00:00:00'),(983,'De Volta ao Jogo','John Wick',2014,7.2,824,'x','2015-08-01 00:00:00','2016-06-21 00:00:00'),(984,'Deadpool','Deadpool',2016,8.2,825,'x','2016-05-01 00:00:00','2016-06-21 00:00:00'),(985,'Death Race 3','Death Race: Inferno',2013,5.5,826,'x','2013-08-01 00:00:00','2016-06-21 00:00:00'),(986,'Debi & Lóide 2','Dumb and Dumber To',1994,7.3,827,'x','2015-03-01 00:00:00','2016-06-21 00:00:00'),(988,'Depois da Terra','After Earth',2013,4.9,816,'x','2013-11-01 00:00:00','2016-06-21 00:00:00'),(989,'Desbravadores','Pathfinder',2007,5.4,830,'x','2012-01-01 00:00:00','2016-06-21 00:00:00'),(990,'Desconhecido','Unknown',2011,6.9,831,'x','2012-01-01 00:00:00','2016-06-21 00:00:00'),(991,'Destino Especial','Midnight Special',2016,6.7,832,'x','2017-07-01 00:00:00','2017-06-19 00:00:00'),(993,'Detona Ralph','Wreck-It Ralph',2012,7.8,834,'x','2013-04-01 00:00:00','2016-06-21 00:00:00'),(994,'Deus da Carnificina','Carnage',1984,2.8,835,'x','2013-04-01 00:00:00','2016-06-21 00:00:00'),(995,'Distrito 9','District 9',2009,8.0,800,'x','2012-01-01 00:00:00','2016-06-21 00:00:00'),(996,'Divergente','Divergent',2014,6.7,836,'x','2015-04-01 00:00:00','2016-06-21 00:00:00'),(997,'Divertidamente','Inside Out',2015,8.2,837,'x','2018-12-01 00:00:00','2016-11-30 00:00:00'),(998,'Django Livre','Django Unchained',2012,8.5,782,'x','2013-07-01 00:00:00','2016-06-21 00:00:00'),(999,'Dose Dupla','2 guns',2013,6.7,838,'x','2014-04-01 00:00:00','2016-06-21 00:00:00'),(1000,'Doutor Estranho','Doctor Strange',2016,7.7,839,'x','2017-03-01 00:00:00','0001-01-01 00:00:00'),(1001,'Drácula: A História Nunca Contada','Dracula Untold',2014,6.3,840,'x','2015-02-01 00:00:00','2016-06-21 00:00:00'),(1002,'Dragonball Evolution','Dragonball Evolution',2009,2.7,841,'x','2012-01-01 00:00:00','2016-06-22 00:00:00'),(1003,'Dredd','Dredd',2012,7.1,842,'x','2013-01-01 00:00:00','2016-06-21 00:00:00'),(1004,'Drive','Drive',2011,7.8,843,'x','2012-01-01 00:00:00','2016-06-22 00:00:00'),(1006,'Dunkirk','Dunkirk',2017,8.0,726,'x','2018-03-01 00:00:00','2018-02-26 00:00:00'),(1007,'Duro de Matar: Um Bom Dia para Morrer','A Good Day to Die Hard',2013,5.3,845,'x','2013-08-01 00:00:00','2016-06-21 00:00:00'),(1011,'Encontro Explosivo','Knight And Day',2010,6.3,848,'x','2012-01-01 00:00:00','2016-06-21 00:00:00'),(1014,'Espelho, Espelho Meu','Mirror Mirror',2012,5.6,850,'x','2012-01-01 00:00:00','2016-06-21 00:00:00'),(1016,'Esquadrão Suicida','Suicide Squad',2016,6.5,788,'x','2016-12-01 00:00:00','2016-11-30 00:00:00'),(1017,'Estrelas Além do Tempo','Hidden Figures',2016,7.8,852,'x','2017-09-01 00:00:00','0001-01-01 00:00:00'),(1018,'Eu sou a Lenda','I Am Legend',2007,7.2,746,'x','2012-01-01 00:00:00','2016-06-21 00:00:00'),(1019,'Eu Sou o Número Quatro','I Am Number Four',2011,6.1,853,'x','2012-01-01 00:00:00','2016-06-21 00:00:00'),(1020,'Ex Machina - Instinto Artificial','Ex Machina',2015,7.7,855,'x','2015-08-01 00:00:00','2016-06-21 00:00:00'),(1021,'Exodo - Deuses e Reis','Exodus: Gods and Kings',2014,6.1,751,'x','2015-04-01 00:00:00','2016-06-21 00:00:00'),(1022,'Extermínio - 28 dias depois','28 days later...',2002,7.6,856,'x','2012-01-01 00:00:00','2016-06-21 00:00:00'),(1023,'Extermínio - 28 semanas depois','28 weeks later',2007,7.0,857,'x','2013-06-01 00:00:00','2016-06-21 00:00:00'),(1025,'Faroeste Cabloco','Faroeste Cabloco',2013,6.7,859,'x','2015-05-01 00:00:00','2016-06-22 00:00:00'),(1026,'Federal','Federal',2010,3.2,860,'x','2012-01-01 00:00:00','2016-06-22 00:00:00'),(1027,'Fenomenos Paranormais','Grave Encounters',2011,6.1,861,'x','2012-01-01 00:00:00','2016-06-21 00:00:00'),(1028,'Filhos da Esperança','Children of Men',2006,7.9,862,'n','2013-06-01 00:00:00','2016-06-21 00:00:00'),(1031,'Forrest Gump','Forrest Gump',1994,8.8,814,'x','2012-01-01 00:00:00','2016-06-22 00:00:00'),(1032,'Frankestein','I, Frankenstein',2014,5.1,865,'x','2015-04-01 00:00:00','2016-06-21 00:00:00'),(1033,'Fronteira Proibida','Beyond the Border',2003,6.5,698,'x','2013-05-01 00:00:00','2016-06-21 00:00:00'),(1034,'Fúria de Titãns','Clash of the Titans',1981,6.9,866,'x','2012-01-01 00:00:00','2016-06-21 00:00:00'),(1035,'Fúria de Titãns 2','Wrath of the Titans',2012,5.8,867,'x','2012-01-01 00:00:00','2016-06-21 00:00:00'),(1036,'Furia sobre Rodas','Drive Angry',2011,5.5,868,'x','2012-01-01 00:00:00','2016-06-21 00:00:00'),(1039,'Gangues de Nova York','Gangs of New York',2002,7.5,720,'x','2013-01-01 00:00:00','2016-06-21 00:00:00'),(1040,'Gantz O','Gantz: O',2016,7.3,871,'n','2017-12-01 00:00:00','2017-05-23 00:00:00'),(1041,'Gato de Botas','Puss in Boots',2015,7.0,872,'x','2013-02-01 00:00:00','2016-06-21 00:00:00'),(1042,'Gattaca','Gattaca',1997,7.8,873,'x','2012-01-01 00:00:00','2016-06-22 00:00:00'),(1044,'Golpe de Gênio','Ingenious',2009,5.8,875,'x','2014-03-01 00:00:00','2016-06-21 00:00:00'),(1045,'Gravidade','Gravity',2013,7.8,862,'x','2014-03-01 00:00:00','2016-06-21 00:00:00'),(1047,'Guardiões da Galáxia Vol. 2','Guardians of the Galaxy Vol. 2',2017,7.9,877,'x','2017-09-01 00:00:00','2017-08-22 00:00:00'),(1048,'Guerra é Guerra','This means War',2012,6.3,878,'x','2012-01-01 00:00:00','2016-06-21 00:00:00'),(1049,'Guerra Mundial Z','World War Z',2013,7.0,699,'x','2013-07-01 00:00:00','2016-06-21 00:00:00'),(1050,'Guerreiro','Warrior',2011,8.2,879,'x','2012-01-01 00:00:00','2016-06-21 00:00:00'),(1052,'Hanna','Hanna',2011,6.8,881,'x','2012-01-01 00:00:00','2016-06-22 00:00:00'),(1053,'Hardcore: Missão Extrema','Hardcore Henry',2015,6.8,882,'n','2017-01-01 00:00:00','2017-01-30 00:00:00'),(1054,'Harry Potter II - A Camara Secreta','Harry Potter and the Chamber of Secrets',2002,7.4,883,'x','2012-01-01 00:00:00','2016-06-21 00:00:00'),(1055,'Harry Potter III - O Prisioneiro de Azkaban','Harry Potter and the Prisoner of Azkaban',2004,7.8,862,'x','2012-01-01 00:00:00','2016-06-21 00:00:00'),(1056,'Harry Potter IV - O Cálice de Fogo','Harry Potter and the Goblet of Fire',2005,7.6,884,'x','2012-01-01 00:00:00','2016-06-21 00:00:00'),(1058,'Harry Potter VI - O Enigma do Príncipe','Harry Potter and the Half-Blood Prince',2009,7.5,722,'x','2012-01-01 00:00:00','2016-06-21 00:00:00'),(1059,'Harry Potter VII - As Relíqueas da Morte Parte 1','Harry Potter and the Deathly Hallows: Part 1',2010,7.7,722,'x','2012-01-01 00:00:00','2016-06-21 00:00:00'),(1060,'Harry Potter VIII - As Relíqueas da Morte Parte 2','Harry Potter and the Deathly Hallows: Part 2',2011,8.1,722,'x','2012-01-01 00:00:00','2016-06-21 00:00:00'),(1061,'Hércules','Hercules',2014,6.0,885,'x','2015-08-01 00:00:00','2016-06-21 00:00:00'),(1063,'Homem de Ferro','Iron Man',2013,7.3,887,'x','2012-01-01 00:00:00','2016-06-21 00:00:00'),(1064,'Homem de Ferro 2','Iron Man 2',2010,7.0,888,'X','2012-01-01 00:00:00','2016-06-21 00:00:00'),(1066,'Homem-Aranha De Volta Ao Lar','Spider-Man: Homecoming',2017,7.8,889,'x','2017-10-01 00:00:00','0001-01-01 00:00:00'),(1067,'Homem-Formiga','Ant-man',2015,7.4,890,'x','2016-02-01 00:00:00','2016-06-21 00:00:00'),(1068,'Homens de Preto 3','Men In Black 3',2012,6.8,891,'x','2012-01-01 00:00:00','2016-06-21 00:00:00'),(1069,'Horizonte Profundo - Desastre no Golfo','Deepwater Horizon',2016,7.2,783,'x','2017-08-01 00:00:00','0001-01-01 00:00:00'),(1071,'Ilha do Medo','Shutter Island',2010,8.1,720,'x','2012-01-01 00:00:00','2016-06-21 00:00:00'),(1073,'Impacto','Impact',2009,5.6,893,'x','2012-01-01 00:00:00','2016-06-21 00:00:00'),(1074,'Imperium','Imperium',2016,6.5,894,'x','2019-07-01 00:00:00','2018-02-23 00:00:00'),(1076,'Independence Day: O Ressurgimento','Independence Day: Resurgence',2016,5.4,896,'x','2016-12-01 00:00:00','2016-10-27 00:00:00'),(1077,'Inferno','Inferno',2016,6.2,762,'x','2017-08-01 00:00:00','0001-01-01 00:00:00'),(1078,'Interstellar','Interstellar',2014,8.6,726,'x','2015-04-01 00:00:00','2016-06-21 00:00:00'),(1079,'Intocáveis','The Untouchables',1987,7.9,796,'x','2013-04-01 00:00:00','2016-06-21 00:00:00'),(1080,'Invasão a Casa Branca','Olympus Has Fallen',2013,6.5,897,'x','2014-02-01 00:00:00','2016-06-21 00:00:00'),(1081,'Invasão à Londres','London Has Fallen',2016,5.9,898,'x','2016-10-01 00:00:00','2016-10-28 00:00:00'),(1082,'Invasão do Mundo: Batalha de Los Angeles','Battle Los Angeles',2011,5.8,867,'x','2012-01-01 00:00:00','2016-06-21 00:00:00'),(1083,'Invasores: Nenhum sistema Está à Salvo','Who Am I - Kein System ist sicher',2014,7.6,899,'x','2015-09-01 00:00:00','2016-06-21 00:00:00'),(1084,'Invocação do Mal','The Conjuring',2013,7.5,900,'x','2013-12-01 00:00:00','2016-06-21 00:00:00'),(1085,'Invocação do Mal 2','The Conjuring 2',2016,7.5,900,'x','2017-03-01 00:00:00','2016-11-30 00:00:00'),(1087,'Ip Man 0 - Nasce Uma Lenda','Ip Man 0 - Nasce Uma Lenda',2010,7.1,902,'x','2012-01-01 00:00:00','2016-06-22 00:00:00'),(1088,'It: A Coisa','It',2017,7.5,903,'x','2018-03-01 00:00:00','2018-03-14 00:00:00'),(1089,'J. Edgar','J. Edgar',2011,6.6,748,'x','2013-03-01 00:00:00','2016-06-22 00:00:00'),(1090,'Jack - O Caçador de Gigantes','Jack the Giant Slayer',2013,6.3,904,'x','2013-11-01 00:00:00','2016-06-21 00:00:00'),(1092,'Jack Reacher - Sem Retorno','Jack Reacher: Never Go Back',2016,6.1,906,'x','2017-06-01 00:00:00','0001-01-01 00:00:00'),(1093,'Jackass 3D','Jackass 3D',2010,7.1,907,'x','2012-01-01 00:00:00','2016-06-22 00:00:00'),(1094,'Jason Bourne','The Bourne Identity',2002,7.9,908,'x','2017-01-01 00:00:00','2016-11-30 00:00:00'),(1095,'João e Maria: Caçadores de Bruxas','Hansel & Gretel: Witch Hunters',2013,6.1,909,'x','2013-07-01 00:00:00','2016-06-21 00:00:00'),(1096,'Jogo de Poder','Fair Game',2010,6.8,908,'x','2012-01-01 00:00:00','2016-06-21 00:00:00'),(1097,'Jogos Mortais: O Final','Saw 3D',2010,5.6,910,'x','2012-01-01 00:00:00','2016-06-21 00:00:00'),(1098,'Jogos Voraes: A esperança - parte 1','The Hunger Games: Mockingjay - Part 1',2014,6.7,746,'x','2015-03-01 00:00:00','2016-06-21 00:00:00'),(1099,'Jogos Vorazes','The Hunger Games',2012,7.3,911,'x','2012-01-01 00:00:00','2016-06-21 00:00:00'),(1100,'Jogos Vorazes: A Esperança Final','The Hunger Games: Mockingjay - Part 2',2015,6.6,746,'x','2016-05-01 00:00:00','2016-06-21 00:00:00'),(1102,'John Carter','John Carter',2012,6.6,876,'x','2012-01-01 00:00:00','2016-06-22 00:00:00'),(1103,'John Wick Um Novo Dia para Matar','John Wick: Chapter 2',2017,7.7,824,'x','2018-03-01 00:00:00','2017-07-23 00:00:00'),(1104,'Jurássic World: O Mundo dos Dinossauros','Jurassic World',2015,7.0,912,'x','2016-04-01 00:00:00','2016-06-21 00:00:00'),(1105,'Karate Kid','The Karate Kid',1984,7.2,913,'x','2012-01-01 00:00:00','2016-06-21 00:00:00'),(1106,'Kick-Ass 2','Kick-Ass 2',2013,6.6,914,'x','2014-08-01 00:00:00','2016-06-22 00:00:00'),(1107,'Kill Command','Kill Command',2016,5.7,915,'n','2017-10-01 00:00:00','2017-05-22 00:00:00'),(1108,'King Kong','King Kong',2005,7.2,916,'n','2014-01-01 00:00:00','2016-06-22 00:00:00'),(1109,'Kingsglaive Final Fantasy XV','Kingsglaive: Final Fantasy XV',2016,6.9,917,'x','2017-05-01 00:00:00','2017-05-23 00:00:00'),(1110,'Kingsman: O Círculo Dourado','Kingsman: The Golden Circle',2017,6.9,918,'x','2018-03-01 00:00:00','2018-02-23 00:00:00'),(1112,'Kung Fu Panda','Kung Fu Panda',2011,7.3,919,'x','2012-01-01 00:00:00','2016-06-22 00:00:00'),(1113,'Kung Fu Panda 2','Kung Fu Panda 2',2011,7.3,919,'x','2012-01-01 00:00:00','2016-06-22 00:00:00'),(1114,'Kung Fu Panda 3','Kung Fu Panda 3',2016,7.3,920,'',NULL,'2016-07-27 00:00:00'),(1115,'La La Land','La La Land',2016,8.1,921,'x','2019-06-01 00:00:00','2018-02-23 00:00:00'),(1117,'Labirinto do Tempo','Repeaters',2010,5.8,922,'x','2012-01-01 00:00:00','2016-06-21 00:00:00'),(1118,'Lanterna Verde','Green Lantern',2011,5.6,698,'x','2012-01-01 00:00:00','2016-06-21 00:00:00'),(1120,'Lego Batman','The LEGO Batman Movie',2017,7.5,924,'x','2017-07-01 00:00:00','2017-06-19 00:00:00'),(1121,'Liga da Justiça - A Legião do Mal','Justice League: Doom',2012,7.5,925,'x','2013-03-01 00:00:00','2016-06-21 00:00:00'),(1122,'Linha de Ação','Broken City',2013,6.2,926,'x','2013-11-01 00:00:00','2016-06-21 00:00:00'),(1123,'Lion','Lion',2016,8.1,927,'n',NULL,'2017-05-22 00:00:00'),(1124,'Logan','Logan',2017,8.3,848,'x','2017-07-01 00:00:00','2017-06-19 00:00:00'),(1125,'Lucy','Lucy',2014,6.4,928,'x','2015-01-01 00:00:00','2016-06-21 00:00:00'),(1126,'Lutador de Rua','Blood and Bone',2009,6.7,929,'x','2012-01-01 00:00:00','2016-06-21 00:00:00'),(1127,'Machete','Machete',2010,6.7,930,'x','2012-01-01 00:00:00','2016-06-22 00:00:00'),(1129,'Madagascar 3','Madagascar 3',2012,6.9,932,'x','2014-09-01 00:00:00','2016-06-22 00:00:00'),(1130,'Mãe!','Mãe Só Há Uma',2016,6.9,933,'x','2018-05-01 00:00:00','2018-02-23 00:00:00'),(1131,'Mar Negro','Black Sea',2014,6.4,706,'',NULL,'2016-06-21 00:00:00'),(1132,'Marcados para Morrer','End of watch',2012,7.7,788,'x','2013-06-01 00:00:00','2016-06-21 00:00:00'),(1136,'Max Steel','Max Steel',2016,4.6,880,'',NULL,'2017-05-22 00:00:00'),(1137,'Maze Runner: Correr ou Morrer','The Maze Runner',2014,6.8,935,'x','2015-01-01 00:00:00','2016-06-21 00:00:00'),(1138,'Maze Runner: Prova de Fogo','Maze Runner: The Scorch Trials',2015,6.4,935,'x','2016-02-01 00:00:00','2016-06-21 00:00:00'),(1139,'Megamente ','Megamind',2010,7.3,936,'x','2012-01-01 00:00:00','2016-06-21 00:00:00'),(1140,'Meia Noite em Paris','Midnight in Paris',2011,7.7,937,'x','2012-01-01 00:00:00','2016-06-21 00:00:00'),(1141,'Melancolia','Melancholia',2011,7.1,938,'x','2012-01-01 00:00:00','2016-06-21 00:00:00'),(1143,'Meu Malvado Favorito','Despicable Me',2010,7.7,940,'x','2012-01-01 00:00:00','2016-06-21 00:00:00'),(1144,'Meu Malvado Favorito 2','Despicable Me 2',2013,7.5,940,'x','2017-11-01 00:00:00','2016-06-22 00:00:00'),(1145,'Minha Mãe é uma Peça','Minha Mãe é uma Peça',2016,6.8,941,'c','2013-07-01 00:00:00','2016-06-22 00:00:00'),(1146,'Missão Impossível: nação secreta','Mission: Impossible - Rogue Nation',2015,7.5,905,'x','2016-04-01 00:00:00','2016-06-21 00:00:00'),(1147,'Missão Impossível: protocolo fantasma','Mission: Impossible - Ghost Protocol',2011,7.4,942,'x','2012-01-01 00:00:00','2016-06-21 00:00:00'),(1148,'Moon','Moon',2009,7.9,815,'x','2012-01-01 00:00:00','2016-06-22 00:00:00'),(1149,'Moonlight: Sob a Luz do Luar','Moonlight',2016,7.5,943,'n','2018-01-01 00:00:00','0001-01-01 00:00:00'),(1150,'Motoqueiro Fantasma 2','Ghost Rider: Spirit of Vengeance',2011,4.3,944,'x','2013-01-01 00:00:00','2016-06-21 00:00:00'),(1151,'Muita Calma nessa hora','Muita Calma nessa hora',2010,5.2,945,'x','2012-01-01 00:00:00','2016-06-22 00:00:00'),(1152,'Mulher Maravilha','Wonder Woman',2017,7.6,946,'x','2017-11-01 00:00:00','0001-01-01 00:00:00'),(1154,'Nocaute','Beatdown',2010,4.5,947,'x','2012-01-01 00:00:00','2016-06-21 00:00:00'),(1155,'Noé','Noah',2014,5.8,807,'x','2014-09-01 00:00:00','2016-06-21 00:00:00'),(1156,'Noite sem Fim','Run All Night',2015,6.6,831,'x','2015-08-01 00:00:00','2016-06-21 00:00:00'),(1159,'O Abrigo','The Divide',2014,7.5,950,'x','2013-08-01 00:00:00','2016-06-21 00:00:00'),(1160,'O Acordo','Snitch',2013,6.5,951,'x','2013-09-01 00:00:00','2016-06-21 00:00:00'),(1162,'O Artista','The Artist',2011,8.0,953,'v','2012-01-01 00:00:00','2016-06-21 00:00:00'),(1163,'O Ataque','White House Down',2013,6.4,896,'x','2014-08-01 00:00:00','2016-06-21 00:00:00'),(1164,'O Caçador','The Hunter',2011,6.8,954,'x','2013-03-01 00:00:00','2016-06-21 00:00:00'),(1167,'O Casamento do meu ex','The Romantics',2010,5.1,957,'x','2012-01-01 00:00:00','2016-06-21 00:00:00'),(1168,'O Castelo Animado','Hauru no ugoku shiro',2004,8.2,958,'n',NULL,'2017-05-23 00:00:00'),(1169,'O Cavaleiro Solitário','The Lone Ranger',2013,6.5,959,'x','2014-09-01 00:00:00','2016-06-21 00:00:00'),(1170,'O Chamado 3','The Ring',2002,7.1,959,'',NULL,'2017-05-23 00:00:00'),(1171,'O Código','Safe',2012,6.5,960,'x','2013-03-01 00:00:00','2016-06-21 00:00:00'),(1172,'O Concurso','O Concurso',2013,4.5,961,'x','2014-08-01 00:00:00','2016-06-22 00:00:00'),(1173,'O Conselheiro do Crime','The Counselor',2013,5.3,751,'x','2014-05-01 00:00:00','2016-06-21 00:00:00'),(1174,'O Contador','The Accountant',2016,7.4,879,'x','2017-06-01 00:00:00','0001-01-01 00:00:00'),(1175,'O Corvo','The Raven',2012,6.4,962,'x','2012-01-01 00:00:00','2016-06-21 00:00:00'),(1176,'O Curioso Caso de Benjamin Button','The Curious Case of Benjamin Button',2008,7.8,700,'x','2012-01-01 00:00:00','2016-06-21 00:00:00'),(1177,'O Destino de Júpter','Jupiter Ascending',2015,5.4,934,'x','2015-05-01 00:00:00','2016-06-21 00:00:00'),(1178,'O Dia Antes do Fim','Margin Call',2011,7.1,963,'x','2012-01-01 00:00:00','2016-06-21 00:00:00'),(1180,'O Ditador','The Dictator',2012,6.4,965,'x','2013-01-01 00:00:00','2016-06-21 00:00:00'),(1181,'O Doador de Memórias','The Giver',2014,6.5,966,'x','2015-09-01 00:00:00','2016-06-21 00:00:00'),(1182,'O Enigma de Outro Mundo','The Thing',1982,8.2,967,'n','2013-06-01 00:00:00','2016-06-21 00:00:00'),(1183,'O Espetacular Homem-Aranha 2: A Ameaça de Electro','The Amazing Spider-Man 2',2014,6.8,968,'x','2014-10-01 00:00:00','2016-06-21 00:00:00'),(1184,'O Fabuloso Destino de Amélie Poulain','Amélie',2001,8.4,969,'n','2018-03-01 00:00:00','2016-06-21 00:00:00'),(1185,'O Golpista do ano','I Love You Phillip Morris',2009,6.7,970,'x','2012-01-01 00:00:00','2016-06-21 00:00:00'),(1186,'O Grande Gatsby','The Great Gatsby',2013,7.3,971,'x','2014-10-01 00:00:00','2016-06-21 00:00:00'),(1187,'O Grande Herói','Lone Survivor',2013,7.6,783,'n',NULL,'2016-06-21 00:00:00'),(1189,'O Grande Truque','The Prestige',2006,8.5,726,'x','2012-01-01 00:00:00','2016-06-21 00:00:00'),(1190,'O Hobbit','The Hobbit: An Unexpected Journey',2012,7.9,916,'c','2013-01-01 00:00:00','2016-06-21 00:00:00'),(1191,'O Hobbit: A Batalha dos Cinco Exércitos','The Hobbit: The Battle of the Five Armies',2014,7.5,916,'x','2015-05-01 00:00:00','2016-06-21 00:00:00'),(1193,'O Homem da Máfia','Killing Them Softly',2012,6.2,972,'x','2013-04-01 00:00:00','2016-06-21 00:00:00'),(1194,'O Homem das Sombras','The Tall Man',2012,5.9,973,'x','2013-06-01 00:00:00','2016-06-21 00:00:00'),(1195,'O Homem dos Punhos de Ferro','The Man with the Iron Fists',2015,4.4,826,'x','2013-05-01 00:00:00','2016-06-21 00:00:00'),(1196,'O Homem nas Trevas','Don',2006,7.2,974,'x','2017-04-01 00:00:00','2016-12-21 00:00:00'),(1197,'O Homen de Aço','Man of Steel',2016,7.0,723,'x','2013-12-01 00:00:00','2016-06-21 00:00:00'),(1200,'O Jogo da Imitação','The Imitation Game',2014,8.1,977,'x','2015-06-01 00:00:00','2016-06-21 00:00:00'),(1203,'O Livro de Eli','The Book of Eli',2010,6.9,980,'x','2012-01-01 00:00:00','2016-06-21 00:00:00'),(1204,'O Lobo de Wall Street','The Wolf of Wall Street',2013,8.2,720,'n','2017-02-01 00:00:00','0001-01-01 00:00:00'),(1205,'O Nevoeiro','The Mist',2007,7.2,981,'x','2012-01-01 00:00:00','2016-06-21 00:00:00'),(1206,'O Pacto','Seeking Justice',2011,6.2,982,'x','2012-01-01 00:00:00','2016-06-21 00:00:00'),(1207,'O Preço do amanhã','In Time',2011,6.7,873,'x','2012-01-01 00:00:00','2016-06-21 00:00:00'),(1208,'O Predestinado','Predestination',2014,7.4,702,'x','2015-02-01 00:00:00','2016-06-21 00:00:00'),(1210,'O Protetor','The Equalizer',2014,7.2,897,'x','2015-09-01 00:00:00','2016-06-21 00:00:00'),(1211,'O Regresso','The Revenant',2015,8.1,786,'x','2016-11-01 00:00:00','2016-07-27 00:00:00'),(1212,'O Retorno de Johnny English','Johnny English Reborn',2011,6.3,984,'x','2012-01-01 00:00:00','2016-06-21 00:00:00'),(1213,'O Retrato de Dorian Gray','Dorian Gray',2009,6.3,984,'x','2013-04-01 00:00:00','2016-06-21 00:00:00'),(1214,'O Ritual','The Rite',2011,6.0,985,'x','2012-01-01 00:00:00','2016-06-21 00:00:00'),(1215,'O Segredo da Cabana','The Cabin in the Woods',2012,7.0,986,'x','2013-06-01 00:00:00','2016-06-21 00:00:00'),(1217,'O Último Desafio','The Last Stand',2013,6.4,988,'x','2013-07-01 00:00:00','2016-06-21 00:00:00'),(1218,'O Vingador do Futuro','Total Recall',1990,7.5,989,'x','2013-01-01 00:00:00','2016-06-21 00:00:00'),(1219,'O Voo','Flight',2012,7.3,814,'x','2013-03-01 00:00:00','2016-06-21 00:00:00'),(1220,'Oblivion','Oblivion',2013,7.0,990,'x','2013-08-01 00:00:00','2016-06-22 00:00:00'),(1221,'ong-bak','ong-bak',2003,7.2,991,'n',NULL,'2016-06-21 00:00:00'),(1222,'Operação Big Hero','Big Hero 6',2014,7.9,992,'x','2015-05-01 00:00:00','2016-06-21 00:00:00'),(1224,'Os Agentes do Destino','The Adjustment Bureau',2011,7.1,994,'x','2012-01-01 00:00:00','2016-06-21 00:00:00'),(1226,'Os Espetacular Homem Aranha','The Amazing Spider-Man',2014,6.8,968,'c','2012-01-01 00:00:00','2016-06-21 00:00:00'),(1228,'Os Indomáveis','3:10 to Yuma',2007,7.8,848,'x','2012-01-01 00:00:00','2016-06-21 00:00:00'),(1229,'Os Infiltrados','The Departed',2006,8.5,720,'x','2012-01-01 00:00:00','2016-06-21 00:00:00'),(1230,'Os Infratores','Lawless',2013,7.8,997,'x','2014-04-01 00:00:00','2016-06-21 00:00:00'),(1232,'Os Mercenários','The Expendables',2010,6.5,999,'x','2012-01-01 00:00:00','2016-06-21 00:00:00'),(1233,'Os Mercenários 3','The Expendables 3',2014,6.1,1000,'x','2015-08-01 00:00:00','2016-06-21 00:00:00'),(1234,'Os Oito Odiados','The Hateful Eight',2015,7.8,782,'x','2018-05-01 00:00:00','2018-02-23 00:00:00'),(1235,'Os Penetras','Os Penetras',2016,5.4,1001,'x','2013-09-01 00:00:00','2016-06-22 00:00:00'),(1237,'Os Suspeitos','Prisoners',2013,8.1,709,'x','2014-08-01 00:00:00','2016-06-21 00:00:00'),(1238,'Os três Mosqueteiros','The Three Musketeers',2011,5.8,1003,'x','2013-02-01 00:00:00','2016-06-21 00:00:00'),(1239,'Os últimos cavaleiros','Last Knights',2015,6.2,1004,'x','2016-04-01 00:00:00','2016-06-21 00:00:00'),(1240,'OZ, Mágico e Poderoso','Oz the Great and Powerful',2013,6.4,1005,'x','2013-08-01 00:00:00','2016-06-21 00:00:00'),(1241,'Pandorum','Pandorum',2009,6.8,1006,'x','2013-02-01 00:00:00','2016-06-22 00:00:00'),(1242,'Para Maiores','Movie 43',2013,4.3,1007,'x','2014-08-01 00:00:00','2016-06-21 00:00:00'),(1243,'Paraísos Artificiais','Paraísos Artificiais',2012,6.5,1008,'x','2014-02-01 00:00:00','2016-06-22 00:00:00'),(1244,'ParaNorman','ParaNorman',2012,7.0,1009,'x','2013-04-01 00:00:00','2016-06-22 00:00:00'),(1245,'Parker','Parker',2013,6.2,1010,'x','2014-02-01 00:00:00','2016-06-22 00:00:00'),(1246,'Passageiros','Passengers',2008,5.9,1011,'x','2017-03-01 00:00:00','0001-01-01 00:00:00'),(1247,'Passe Livre','Hall Pass',2011,5.9,1012,'x','2012-01-01 00:00:00','2016-06-21 00:00:00'),(1248,'Percy Jackson e o Mar de Monstros','Percy Jackson: Sea of Monsters',2013,5.9,1013,'x','2013-12-01 00:00:00','2016-06-21 00:00:00'),(1249,'Perdido em Marte','The Martian',2015,8.1,751,'x','2016-01-01 00:00:00','2016-06-21 00:00:00'),(1250,'Perigo por Encomenda','Premium Rush',2012,6.5,1014,'x','2013-02-01 00:00:00','2016-06-21 00:00:00'),(1251,'Pets a Vida Secreta dos Bichos','The Secret Life of Pets',2016,6.6,1015,'x','2017-06-01 00:00:00','2017-06-19 00:00:00'),(1252,'Piratas do Caribe - A Maldição do Pérola Negra','Pirates of the Caribbean: The Curse of the Black Pearl',2003,8.1,959,'x','2012-01-01 00:00:00','2016-06-21 00:00:00'),(1253,'Piratas do Caribe 4','Pirates of the Caribbean: On Stranger Tides',2011,6.7,1016,'x','2012-01-01 00:00:00','2016-06-21 00:00:00'),(1254,'Piratas do Caribe A Vingança de Salazar','Pirates of the Caribbean: Dead Men Tell No Tales',2017,6.8,1017,'x','2018-05-01 00:00:00','0001-01-01 00:00:00'),(1257,'Pixels','Pixels',2015,5.7,883,'x','2016-03-01 00:00:00','2016-06-21 00:00:00'),(1258,'Planeta dos Macacos A Guerra','War for the Planet of the Apes',2017,7.6,809,'v','2018-01-01 00:00:00','0001-01-01 00:00:00'),(1260,'Planeta dos Macacos: O Confronto','Dawn of the Planet of the Apes',2014,7.6,809,'x','2015-01-01 00:00:00','2016-06-21 00:00:00'),(1261,'Planeta Vermelho','Red Planet',2000,5.7,1018,'x','2012-01-01 00:00:00','2016-06-21 00:00:00'),(1262,'Plano de Fuga','Get The Gringo',2012,7.0,1019,'x','2013-01-01 00:00:00','2016-06-21 00:00:00'),(1263,'Poder Sem Limites','Chronicle',2012,7.1,1020,'x','2012-01-01 00:00:00','2016-06-21 00:00:00'),(1264,'Pompeia','Pompeii',2014,5.6,1003,'x','2014-10-01 00:00:00','2016-06-21 00:00:00'),(1265,'Premonição 5','Final Destination 5',2011,5.9,1021,'x','2013-01-01 00:00:00','2016-06-21 00:00:00'),(1266,'Projeto Almanaque','Project Almanac',2015,6.4,1022,'x','2015-10-01 00:00:00','2016-06-21 00:00:00'),(1268,'Protegendo o Inimigo','Safe House',2015,6.4,1023,'v','2012-01-01 00:00:00','2016-06-21 00:00:00'),(1269,'Quero matar meu chefe','Horrible Bosses',2011,6.9,1024,'x','2012-01-01 00:00:00','2016-06-21 00:00:00'),(1270,'Questão de Tempo','About Time',2013,7.8,1025,'x','2014-04-01 00:00:00','2016-06-21 00:00:00'),(1271,'R.I.P.D. - Agentes do Além','R.I.P.D.',2013,5.6,732,'x','2014-04-01 00:00:00','2016-06-21 00:00:00'),(1272,'Rambo IV','Rambo',2008,7.1,999,'x','2017-09-01 00:00:00','0001-01-01 00:00:00'),(1273,'Real Steel','Real Steel',2011,7.1,996,'x','2012-01-01 00:00:00','2016-06-21 00:00:00'),(1277,'Redenção','Machine Gun Preacher',2011,6.8,699,'x','2012-01-01 00:00:00','2016-06-21 00:00:00'),(1278,'Rei Arthur A Lenda da Espada','King Arthur: Legend of the Sword',2017,7.2,1028,'x','2018-03-01 00:00:00','2017-07-23 00:00:00'),(1280,'Resident Evil','Resident Evil',2002,6.7,1003,'c','2012-01-01 00:00:00','2016-06-21 00:00:00'),(1281,'Resident Evil II','Resident Evil: Apocalypse',2004,6.2,1029,'x','2012-01-01 00:00:00','2016-06-21 00:00:00'),(1284,'Resident Evil O capítulo Final','Resident Evil: The Final Chapter',2016,5.6,1003,'x','2017-06-01 00:00:00','2017-05-22 00:00:00'),(1285,'Resident Evil V - Retribuição ','Resident Evil: Retribution',2012,5.4,1003,'x','2013-03-01 00:00:00','2016-06-21 00:00:00'),(1286,'Riddick 3','Riddick',2013,6.4,1031,'x','2014-04-01 00:00:00','2016-06-21 00:00:00'),(1287,'Rio','Rio',2014,6.4,1032,'v','2012-01-01 00:00:00','2016-06-21 00:00:00'),(1288,'Robin Hood','Robin Hood',2010,6.7,751,'x','2012-01-01 00:00:00','2016-06-22 00:00:00'),(1289,'Robocop','Robocop',2014,6.2,1033,'x','2014-08-01 00:00:00','2016-06-22 00:00:00'),(1290,'Rogue','War',2007,6.3,1034,'x','2012-01-01 00:00:00','2016-06-21 00:00:00'),(1291,'Rogue One: Uma História Star Wars','Rogue One',2016,7.9,874,'x','2017-05-01 00:00:00','2017-05-23 00:00:00'),(1292,'Rota de Fuga','Escape Plan',2013,6.7,985,'x','2017-07-01 00:00:00','2016-06-21 00:00:00'),(1293,'Roubo nas Alturas','Tower Heist',2011,6.2,885,'X','2013-01-01 00:00:00','2016-06-21 00:00:00'),(1294,'Rua Cloverfield 10','10 Cloverfield Lane',2016,7.3,1035,'x','2016-12-01 00:00:00','2016-07-27 00:00:00'),(1295,'Samurai X','Samurai X: Live Action',2014,7.7,1036,'n','2014-01-01 00:00:00','2016-06-21 00:00:00'),(1296,'Santuário','Sanctum',2011,5.9,1037,'x','2012-01-01 00:00:00','2016-06-21 00:00:00'),(1297,'Se Beber Não Case 2','The Hangover Part II',2011,6.5,1038,'x','2012-01-01 00:00:00','2016-06-21 00:00:00'),(1298,'Se Beber Não Case 3','The Hangover Part III',2013,5.9,1038,'x','2014-01-01 00:00:00','2016-06-21 00:00:00'),(1299,'Selvagens','Savages',2012,6.5,1039,'x','2013-06-01 00:00:00','2016-06-21 00:00:00'),(1300,'Sem Limites','Limitless',2011,7.4,836,'x','2012-01-01 00:00:00','2016-06-21 00:00:00'),(1301,'Sem Saída','Abduction',2014,3.8,1040,'n','2014-08-01 00:00:00','2016-06-21 00:00:00'),(1302,'Sequestro no Espaço','Lockout',2012,6.1,1041,'x','2012-01-01 00:00:00','2016-06-21 00:00:00'),(1303,'Serenity','Serenity',2005,8.0,1042,'x','2012-01-01 00:00:00','2016-06-22 00:00:00'),(1304,'Serra Pelada','Serra Pelada',2013,7.0,1043,'x','2014-08-01 00:00:00','2016-06-22 00:00:00'),(1305,'Sete Homens e Um Destino','The Magnificent Seven',1960,7.8,1044,'',NULL,'0001-01-01 00:00:00'),(1308,'Sherlock Holmes','Sherlock Holmes',2011,7.5,1028,'x','2012-01-01 00:00:00','2016-06-22 00:00:00'),(1310,'Show the Truman','The Truman Show',1998,8.1,1047,'x','2012-01-01 00:00:00','2016-06-21 00:00:00'),(1312,'Sin City','Sin City',2005,8.1,1049,'x','2012-01-01 00:00:00','2016-06-22 00:00:00'),(1313,'Sin City A Dama Fatal','Sin City: A Dame to Kill For',2014,6.5,1049,'x','2018-04-01 00:00:00','2017-08-22 00:00:00'),(1314,'Sing','Sing',2016,7.2,1050,'',NULL,'2017-06-19 00:00:00'),(1315,'Skyline: A Invasão','Skyline',2010,4.4,1051,'x','2012-01-01 00:00:00','2016-06-21 00:00:00'),(1316,'Snatch','Snatch',2000,8.3,1028,'X','2012-01-01 00:00:00','2016-06-22 00:00:00'),(1318,'Sobrenatural','Insidious',2010,6.8,900,'n','2017-10-01 00:00:00','2016-06-21 00:00:00'),(1320,'Solomon Kane','Solomon Kane',2009,6.1,1048,'x','2012-01-01 00:00:00','2016-06-22 00:00:00'),(1321,'Somos tão Jovens','Somos tão Jovens',2013,6.5,1052,'x','2017-02-01 00:00:00','2016-06-22 00:00:00'),(1322,'Space Dogs','Space Dog s',2016,8.7,1053,'x','2017-05-01 00:00:00','2017-06-19 00:00:00'),(1323,'Spectral','Spectral',2016,6.4,1054,'n','2017-02-01 00:00:00','0001-01-01 00:00:00'),(1325,'Spotlight','Spotlight',2015,8.1,1056,'x','2016-06-06 00:00:00','2016-06-21 00:00:00'),(1326,'Stake Land Anoitecer Violento 2','Stake Land 2',2010,6.5,761,'',NULL,'0001-01-01 00:00:00'),(1327,'Star Trek','Star Trek',1966,8.4,1057,'x','2012-01-01 00:00:00','2016-06-22 00:00:00'),(1328,'Star Trek - Além da Escuridão','Star Trek Into Darkness',2013,7.8,1058,'x','2013-09-01 00:00:00','2016-06-21 00:00:00'),(1329,'Star Trek 10','Star Trek: Nemesis',2002,6.4,1059,'n','2013-02-01 00:00:00','2016-06-21 00:00:00'),(1331,'Star Trek 8','Star Trek: First Contact',1996,7.6,1061,'x','2012-01-01 00:00:00','2016-06-21 00:00:00'),(1332,'Star Trek 9','Star Trek: Insurrection',1998,6.4,1061,'x','2012-01-01 00:00:00','2016-06-21 00:00:00'),(1333,'Star Trek: Sem Fronteiras','Star Trek Beyond',2016,7.2,1062,'x','2016-11-01 00:00:00','2016-11-30 00:00:00'),(1337,'Star Wars VII - O Despertar da Força','Star Wars: Episode VII - The Force Awakens',2015,8.2,1058,'x','2016-06-06 00:00:00','2016-06-21 00:00:00'),(1338,'Stargate','Stargate',1994,7.0,896,'n','2012-01-01 00:00:00','2016-06-22 00:00:00'),(1340,'Substitutos','Surrogates',2009,6.3,1065,'x','2012-01-01 00:00:00','2016-06-21 00:00:00'),(1341,'Sucker Punch','Sucker Punch',2011,6.1,723,'x','2012-01-01 00:00:00','2016-06-22 00:00:00'),(1342,'Sully - O Heroi do Rio Hudson','Sully',2016,7.6,748,'x','2017-03-01 00:00:00','2016-12-21 00:00:00'),(1343,'Sunshine - Alerta Solar','Sunshine',1999,7.5,1066,'x','2012-01-01 00:00:00','2016-06-21 00:00:00'),(1344,'Super 8','Super 8',2011,7.1,1058,'x','2012-01-01 00:00:00','2016-06-22 00:00:00'),(1347,'Ted','Ted',2015,6.4,1069,'x','2013-07-01 00:00:00','2016-06-22 00:00:00'),(1348,'Teenage Mutant Ninja Turtles','Teenage Mutant Ninja Turtles',1990,6.7,1070,'x','2015-04-01 00:00:00','2016-06-21 00:00:00'),(1349,'Tekken','Tekken',2010,4.8,1071,'x','2012-01-01 00:00:00','2016-06-22 00:00:00'),(1351,'Terceira Pessoa','Third Person',2013,6.4,705,'x','2015-10-01 00:00:00','2016-06-21 00:00:00'),(1352,'Terremoto: A Falha de San Andreas','San Andreas',2015,6.1,1072,'x','2017-02-01 00:00:00','0001-01-01 00:00:00'),(1353,'Terror em Silent Hill','Silent Hill',2012,5.0,1048,'n','2013-01-01 00:00:00','2016-06-21 00:00:00'),(1354,'The Cloverfield Paradox','The Cloverfield Paradox',2018,5.6,1073,'x','2018-02-01 00:00:00','0001-01-01 00:00:00'),(1356,'The Witch','The Witch',2015,6.8,1075,'x','2018-07-01 00:00:00','2018-02-23 00:00:00'),(1357,'Thor','Thor',2013,7.1,1076,'x','2012-01-01 00:00:00','2016-06-22 00:00:00'),(1358,'Thor 2','Thor: The Dark World',2013,7.1,1076,'x','2014-03-01 00:00:00','2016-06-21 00:00:00'),(1360,'Totalmente Inocentes','Totalmente Inocentes',2012,3.6,1079,'x','2013-08-01 00:00:00','2016-06-22 00:00:00'),(1361,'Toy Story 3','Toy Story 3',2010,8.3,1080,'x','2012-01-01 00:00:00','2016-06-22 00:00:00'),(1362,'Transcendence: A Revolução','Transcendence',2014,6.3,1081,'x','2015-09-01 00:00:00','2016-06-21 00:00:00'),(1363,'Transformers - A Vingança dos Derrotados','Transformers: Revenge of the Fallen',2009,6.0,719,'x','2012-01-01 00:00:00','2016-06-21 00:00:00'),(1365,'Transformers O Último Cavaleiro','Transformers: The Last Knight',2017,5.2,719,'x','2017-11-01 00:00:00','0001-01-01 00:00:00'),(1366,'Transformers: Dark of the Moon','Transformers: Dark of the Moon',2011,6.3,719,'x','2012-01-01 00:00:00','2016-06-22 00:00:00'),(1368,'Tropas Estelares','Starship Troopers',1997,7.2,989,'x','2013-01-01 00:00:00','2016-06-21 00:00:00'),(1369,'Truque de Mestre','Now you see me',2013,7.3,976,'x','2013-09-01 00:00:00','2016-06-21 00:00:00'),(1370,'Truque de Mestre: O 2º Ato','Now You See Me 2',2016,6.5,869,'x','2017-03-01 00:00:00','2016-10-27 00:00:00'),(1371,'Turbo','Turbo',2015,6.7,1082,'x','2014-08-01 00:00:00','2016-06-22 00:00:00'),(1374,'Uma Cidade Sem Lei','Bunraku',2010,6.2,1084,'x','2012-01-01 00:00:00','2016-06-21 00:00:00'),(1375,'Universidade Monstros','Monsters University',2013,7.3,1085,'x','2014-11-01 00:00:00','2016-06-21 00:00:00'),(1376,'Vai que dá certo','Vai que dá certo',2013,5.9,1086,'x','2014-08-01 00:00:00','2016-06-22 00:00:00'),(1377,'Valente','Brave',2012,7.2,1087,'x','2014-01-01 00:00:00','2016-06-21 00:00:00'),(1378,'Valerian e a Cidade dos Mil Planetas','Valerian and the City of a Thousand Planets',2017,6.5,928,'x','2018-03-01 00:00:00','2018-02-23 00:00:00'),(1379,'Velozes & Furiosos 7','Furious Seven',2015,7.3,900,'x','2015-10-01 00:00:00','2016-06-21 00:00:00'),(1380,'Velozes e Furiosos 5','Fast Five',2011,7.3,1062,'x','2012-01-01 00:00:00','2016-06-21 00:00:00'),(1381,'Velozes e Furiosos 6','Furious 6',2013,7.2,1062,'x','2013-12-01 00:00:00','2016-06-21 00:00:00'),(1384,'Vida','Life',2017,6.7,1088,'x','2017-07-01 00:00:00','2017-07-23 00:00:00'),(1385,'Vingadores','The Avengers',2015,7.5,1042,'c','2012-01-01 00:00:00','2016-06-21 00:00:00'),(1386,'Vingadores: a era de Ultron','Avengers: Age of Ultron',2015,7.5,1042,'x','2015-10-01 00:00:00','2016-06-21 00:00:00'),(1387,'Vingança','Vengeance ',2004,5.1,1089,'x','2012-01-01 00:00:00','2016-06-21 00:00:00'),(1388,'Violação de Conduta','Basic',2003,6.5,1090,'x','2013-04-01 00:00:00','2016-06-21 00:00:00'),(1389,'Vizinhos Imediatos do 3º Grau','The Watch',2012,5.7,1091,'x','2013-01-01 00:00:00','2016-06-21 00:00:00'),(1390,'Warcraft: O Primeiro Encontro de Dois Mundos','Warcraft',2016,7.1,815,'x','2016-12-01 00:00:00','2016-10-27 00:00:00'),(1391,'Watchmen','Watchmen',2009,7.6,723,'x','2013-09-01 00:00:00','2016-06-22 00:00:00'),(1393,'X-Men Dias de um Futuro Esquecido','X-Men: Days of Future Past',2014,8.0,904,'x','2015-07-01 00:00:00','2016-06-21 00:00:00'),(1395,'X-Men: Apocalipse','X-Men: Apocalypse',2016,7.2,904,'x','2016-10-01 00:00:00','2016-10-27 00:00:00'),(1396,'xxx Reativado','xXx: Return of Xander Cage',2017,5.3,853,'x','2017-10-01 00:00:00','2017-05-22 00:00:00'),(1397,'Zerando a Vida','The Do-Over',2016,5.7,1092,'x','2017-09-01 00:00:00','2016-07-27 00:00:00'),(1398,'Anjos da Noite ','Underworld ',2003,7.0,758,'x','2012-01-01 00:00:00','2016-06-21 00:00:00'),(1399,'Decisão de Risco','Eye in the Sky',2015,7.3,828,'n',NULL,'2018-03-14 00:00:00'),(1400,'Eva - um novo começo','Eva',2011,6.7,854,'x','2013-03-01 00:00:00','2016-06-21 00:00:00'),(1401,'Final Fantasy: The Spirits Within ','Final Fantasy: The Spirits Within ',2001,6.4,863,'x','2012-01-01 00:00:00','2016-06-22 00:00:00'),(1404,'Procurando Dory','Finding Dory',2016,7.6,876,'x',NULL,'2016-11-30 00:00:00'),(1405,'Extraordinário','Wonder',2017,8.0,1093,'x','2018-05-01 00:00:00','2018-06-21 00:00:00'),(1406,'Tomb Raider: A Origem','Tomb Raider',2018,6.5,1094,'x','2019-04-01 00:00:00','2018-06-21 00:00:00'),(1407,'Maze Runner: A Cura Mortal','Maze Runner: The Death Cure',2018,6.3,935,'x','2018-05-01 00:00:00','2018-06-21 00:00:00'),(1408,'Operação Red Sparrow','Red Sparrow',2018,6.6,746,'x','2018-07-01 00:00:00','0001-01-01 00:00:00'),(1409,'Jumanji: Bem-Vindo à Selva','Jumanji: Welcome to the Jungle',2017,7.0,1095,'x','2019-09-01 00:00:00','0001-01-01 00:00:00'),(1410,'Pantera Negra','Black Panther',2018,7.5,819,'x','2018-05-01 00:00:00','0001-01-01 00:00:00'),(1411,'Pedro Coelho','Peter Rabbit',2018,6.6,1096,'',NULL,'2018-06-21 00:00:00'),(1412,'Cinquenta Tons de Liberdade','Fifty Shades Freed',2018,4.4,805,'',NULL,'2018-06-21 00:00:00'),(1413,'Como Eu Era Antes De Você','Me Before You',2016,7.4,1097,'',NULL,'2018-06-21 00:00:00'),(1414,'Star Wars: Os Últimos Jedi','Star Wars: Episode VIII - The Last Jedi',2017,7.3,776,'x','2018-05-01 00:00:00','2018-06-21 00:00:00'),(1415,'Até o Último Homem','Hacksaw Ridge',2016,8.2,1098,'x','2019-09-01 00:00:00','2018-06-21 00:00:00'),(1416,'O Estrangeiro','The Foreigner',2017,7.0,698,'x','2018-10-01 00:00:00','2018-06-21 00:00:00'),(1417,'A Forma da Água','The Shape of Water',2017,7.4,806,'x','2018-10-01 00:00:00','2018-06-21 00:00:00'),(1418,'Liga da Justiça','Justice League',2017,6.6,723,'x','2018-05-01 00:00:00','2018-06-20 00:00:00'),(1419,'Rampage','Rampage',2018,6.5,1072,'x','2018-10-01 00:00:00','2018-08-13 00:00:00'),(1420,'Vingadores: Guerra Infinita','Avengers: Infinity War',2018,8.8,795,'x','2018-09-01 00:00:00','2018-08-13 00:00:00'),(1421,'Círculo de Fogo: A Revolta','Pacific Rim: Uprising',2018,5.7,1099,'x','2019-03-01 00:00:00','2019-07-02 00:00:00'),(1422,'Jogador Nº 1','Ready Player One',2018,7.8,768,'x','2019-03-01 00:00:00','2019-08-02 00:00:00'),(1423,'Deadpool 2','Deadpool 2',2018,8.1,780,'x','2018-10-01 00:00:00','2019-08-02 00:00:00'),(1424,'Missão: Impossível - Efeito Fallout','Mission: Impossible - Fallout',2018,7.8,905,'x','2019-02-01 00:00:00','2019-12-02 00:00:00'),(1425,'Han Solo: Uma História Star Wars','Solo: A Star Wars Story',2018,7.2,762,'',NULL,'2019-08-02 00:00:00'),(1426,'Um Lugar Silencioso','A Quiet Place',2018,7.6,1100,'x','2019-03-01 00:00:00','2019-03-15 00:00:00'),(1427,'Creed II','Creed II',2018,7.3,1101,'x','2019-04-01 00:00:00','2019-03-15 00:00:00'),(1428,'Homem-Formiga e a Vespa','Ant-Man and the Wasp',2018,7.1,890,'x','2019-03-01 00:00:00','2019-03-15 00:00:00'),(1429,'Animais Fantasticos: Os Crimes de Grindelwald','Fantastic Beasts: The Crimes of Grindelwald',2018,6.7,722,'x','2019-03-01 00:00:00','2019-03-15 00:00:00'),(1430,'Bohemian Rhapsody','Bohemian Rhapsody',2018,8.1,904,'x','2019-06-01 00:00:00','2019-03-15 00:00:00'),(1431,'Aquaman','Aquaman',2018,7.3,900,'x','2019-06-01 00:00:00','2019-03-15 00:00:00'),(1432,'Venom','Venom',2018,6.8,791,'x','2019-03-01 00:00:00','2019-03-15 00:00:00'),(1433,'Bastardos Inglorios','Inglourious Basterds',2009,8.3,782,'x','2012-01-01 00:00:00','2016-06-22 00:00:00'),(1434,'Batman - Cavaleiro das Trevas','The Dark Knight',2008,9.0,726,'x','2012-01-01 00:00:00','2019-04-26 00:00:00'),(1435,'Birdman','Birdman Or (The Unexpected Virtue of Ignorance)',2014,7.8,786,'x','2015-02-01 00:00:00','2016-06-21 00:00:00'),(1436,'Branca de Neve e o Caçador','Snow White and the Huntsman',2012,6.1,739,'x','2013-01-01 00:00:00','2016-06-22 00:00:00'),(1437,'Cacador de Troll','Trolljegeren',2010,7.0,792,'x','2012-01-01 00:00:00','2016-06-21 00:00:00'),(1438,'Capitão América','Captain America: The First Avenger',2011,6.9,794,'x','2012-01-01 00:00:00','2016-06-21 00:00:00'),(1439,'Celda 211','Celda 211',2009,7.7,799,'x','2014-08-01 00:00:00','2016-06-21 00:00:00'),(1440,'Chernobyl Diaries','Chernobyl Diaries',2012,5.0,801,'x','2013-03-01 00:00:00','2016-06-21 00:00:00'),(1441,'Cloverfield - Monstro','Cloverfield',2008,7.0,809,'n','2013-06-01 00:00:00','2016-06-22 00:00:00'),(1442,'Conan O Barbaro','Conan the Barbarian',2011,5.2,830,'x','2012-01-01 00:00:00','2019-04-26 00:00:00'),(1443,'Contato','Contact',1997,7.4,814,'x','2012-01-01 00:00:00','2016-06-22 00:00:00'),(1444,'Encontro de Casais','Couples Retreat',2009,5.5,847,'x','2012-01-01 00:00:00','2016-06-21 00:00:00'),(1445,'Crepúsculo: Amanhecer parte I','The Twilight Saga: Breaking Dawn - Part 1',2011,4.9,820,'x','2012-01-01 00:00:00','2016-06-22 00:00:00'),(1446,'Crepúsculo: Amanhecer parte II','The Twilight Saga: Breaking Dawn - Part 2',2012,5.5,820,'x','2013-03-01 00:00:00','2016-06-21 00:00:00'),(1447,'Coubóis e Aliens','Cowboys & Aliens',1972,7.4,818,'x','2012-01-01 00:00:00','2016-06-21 00:00:00'),(1448,'Demônio','Devil',2010,6.3,829,'x','2012-01-01 00:00:00','2016-06-22 00:00:00'),(1449,'O Caçador de Dragões','Dawn of the Dragonslayer',2011,4.3,955,'x','2013-03-01 00:00:00','2016-06-21 00:00:00'),(1450,'Maquinas Mortais','Mortal Engines',2018,6.2,1102,'x','2019-04-01 00:00:00','2019-04-22 00:00:00'),(1451,'Duble do Diabo','The Devils Double',2011,7.1,844,'x','2017-02-01 00:00:00','2016-06-21 00:00:00'),(1452,'Elysium','Elysium',2013,6.6,800,'x','2014-07-01 00:00:00','2016-06-21 00:00:00'),(1453,'Detetive D','Di renjie: Tong tian di guo',2010,6.6,833,'x','2013-05-01 00:00:00','2016-06-21 00:00:00'),(1454,'Ender\'s Game','Enders Game',2013,6.7,828,'n','2014-07-01 00:00:00','2016-06-21 00:00:00'),(1455,'Entre Irmãos','Brothers',2009,7.1,849,'x','2012-01-01 00:00:00','2016-06-22 00:00:00'),(1456,'Esposa de Mentirinha','Just Go with It',2011,6.4,851,'x','2012-01-01 00:00:00','2016-06-22 00:00:00'),(1457,'Família do Bagulho','Were the Millers',2013,7.0,858,'x','2014-11-01 00:00:00','2016-06-21 00:00:00'),(1458,'Assalto ao Banco Central','Assalto ao Banco Central',2011,5.9,774,'x','2012-01-01 00:00:00','2016-06-21 00:00:00'),(1460,'G.I. Joe - Retaliação','G.I. Joe: Retaliation',2013,5.8,869,'x','2013-08-01 00:00:00','2016-06-22 00:00:00'),(1461,'G.I. Joe: A origem do Cobra','G.I. Joe: The Rise of Cobra',2009,5.8,870,'x','2012-01-01 00:00:00','2016-06-21 00:00:00'),(1462,'Godzilla','Godzilla ',2014,6.5,874,'x','2015-04-01 00:00:00','2016-06-21 00:00:00'),(1463,'Guardiões da Galáxia','Guardians of the Galaxy',2014,8.1,877,'x','2014-12-01 00:00:00','2019-04-26 00:00:00'),(1464,'Halo 4: Em Direção ao Amanhecer','Halo 4: Forward Unto Dawn',2012,7.0,880,'n','2016-01-01 00:00:00','2017-05-02 00:00:00'),(1465,'Harry Potter V - A Ordem de Fênix','Harry Potter and the Order of the Phoenix',2007,7.5,722,'x','2012-01-01 00:00:00','2016-06-21 00:00:00'),(1466,'Hirokin: O Último Samurai','Hirokin',2012,3.4,886,'x','2012-01-01 00:00:00','2016-06-21 00:00:00'),(1467,'Hotel Transilvania','Hotel Transylvania',2012,7.1,892,'x','2013-07-01 00:00:00','2016-06-22 00:00:00'),(1468,'Imortais','Immortals',2011,6.1,850,'x','2012-01-01 00:00:00','2016-06-22 00:00:00'),(1469,'Ip Man: Nasce Uma Lenda','Yip Man chin chyun',2010,7.1,902,'x','2012-01-01 00:00:00','2016-06-22 00:00:00'),(1470,'Anoitecer Violento 2','The Stakelander',2016,5.3,1103,'',NULL,'2019-04-26 00:00:00'),(1471,'Incontrolável','Unstoppable',2010,6.8,895,'x','2012-01-01 00:00:00','2016-06-21 00:00:00'),(1472,'Ip Man','yIp Man',2008,8.1,901,'x','2012-01-01 00:00:00','2016-06-22 00:00:00'),(1473,'Homem de Ferro 3','Iron Man Three',2013,7.3,887,'x','2013-08-01 00:00:00','2016-06-21 00:00:00'),(1474,'Jack Reacher - O Último Tiro','Jack Reacher',2012,7.0,905,'x','2013-09-01 00:00:00','2016-06-22 00:00:00'),(1475,'Viagem 2 ','Journey 2: The Mysterious Island',2012,5.8,1072,'x','2013-02-01 00:00:00','2016-06-21 00:00:00'),(1476,'Kingsman: Serviço Secreto','Kingsman: The Secret Service',2014,7.8,918,'x','2015-06-01 00:00:00','2016-06-22 00:00:00'),(1477,'Bumblebee','Bumblebee',2018,7.1,1104,'','2019-09-01 00:00:00','2019-04-22 00:00:00'),(1478,'Os Especialistas','killer elite',2011,6.5,995,'x','2012-01-01 00:00:00','2016-06-21 00:00:00'),(1479,'Mad Max: Estrada da Fúria','Mad Max: Fury Road',2015,8.1,931,'x','2016-01-01 00:00:00','2016-06-22 00:00:00'),(1480,'A Vida é Bela','La vita è bella',1997,8.6,738,'x','2012-01-01 00:00:00','2016-06-21 00:00:00'),(1481,'Escape Room','Escape Room',2019,6.4,1105,'x','2019-06-01 00:00:00','2019-04-22 00:00:00'),(1482,'Matrix','The Matrix',1999,8.7,934,'n','2012-01-01 00:00:00','2016-06-22 00:00:00'),(1483,'Matrix Reloaded','The Matrix Reloaded',2003,7.2,934,'n','2012-01-01 00:00:00','2016-06-22 00:00:00'),(1484,'Matrix Revolutions','The Matrix Revolutions',2003,6.7,934,'x','2012-01-01 00:00:00','2016-06-22 00:00:00'),(1485,'Mercenários 2','The Expendables 2',2012,6.7,939,'x','2013-01-01 00:00:00','2016-06-21 00:00:00'),(1486,'Infiltrado na Klan','BlacKkKlansman',2018,7.5,1106,'x','2019-06-01 00:00:00','2019-04-22 00:00:00'),(1487,'No Limite do Amanhã','Edge of Tomorrow',2014,7.9,908,'x','2015-03-01 00:00:00','2016-06-21 00:00:00'),(1488,'Noroeste ','Nordvest',2013,6.9,948,'x','2015-11-01 00:00:00','2016-06-21 00:00:00'),(1489,'O Aprendiz de Feiticeiro','The Sorcerers Apprentice',2010,6.1,952,'x','2012-01-01 00:00:00','2016-06-21 00:00:00'),(1490,'O Caçador e a Rainha','The Huntsman: Winters War',2016,6.1,956,'x','2017-04-01 00:00:00','2016-07-27 00:00:00'),(1491,'O Discurso do Rei','The Kings Speech',2010,8.0,964,'x','2012-01-01 00:00:00','2016-06-21 00:00:00'),(1492,'laranja mecanica','A Clockwork Orange',1971,8.4,923,'n',NULL,'2016-06-22 00:00:00'),(1493,'Os Smurfs','The Smurfs',2011,5.5,1002,'x','2012-01-01 00:00:00','2016-06-22 00:00:00'),(1494,'Nosso Lar','Nosso Lar',1986,7.4,949,'x','2012-01-01 00:00:00','2016-06-21 00:00:00'),(1495,'Labirinto de Fauno','El laberinto del fauno',2006,8.2,806,'x','2012-01-01 00:00:00','2016-06-21 00:00:00'),(1496,'O Incrível Hulk','The Incredible Hulk',2008,6.8,976,'x','2012-01-01 00:00:00','2016-06-22 00:00:00'),(1497,'O Lar das Crianças Peculiares','Miss Peregrines Home for Peculiar Children',2016,7.0,978,'x','2017-04-01 00:00:00','2016-11-30 00:00:00'),(1498,'Prometheus','Prometheus',2012,7.0,751,'c','2012-01-01 00:00:00','2019-04-26 00:00:00'),(1499,'O Profeta','Un prophète',2009,7.9,983,'x','2012-01-01 00:00:00','2016-06-21 00:00:00'),(1500,'O Turista','The Tourist',2010,6.0,987,'x','2012-01-01 00:00:00','2016-06-22 00:00:00'),(1501,'Operação Invação','Serbuan maut',2011,7.6,993,'x','2012-01-01 00:00:00','2016-06-21 00:00:00'),(1502,'Red 2 - Aposentados e ainda mais perigosos','Red 2',2013,6.7,1027,'x','2014-02-01 00:00:00','2016-06-22 00:00:00'),(1503,'Nasce uma Estrela','A Star Is Born',2018,7.8,1100,'',NULL,'2019-04-22 00:00:00'),(1504,'Os Instrumentos Mortais - Cidade dos Ossos ','The Mortal Instruments: City of Bones',2013,6.0,998,'x','2014-03-01 00:00:00','2016-06-21 00:00:00'),(1505,'Resident Evil III','Resident Evil: Extinction',2007,6.3,1030,'x','2012-01-01 00:00:00','2016-06-21 00:00:00'),(1506,'Piratas do Caribe: No Fim do Mundo','Pirates of the Caribbean: At Worlds End',2007,7.1,959,'x','2012-01-01 00:00:00','2016-06-21 00:00:00'),(1507,'Piratas do Caribe: O Baú da Morte','Pirates of the Caribbean: Dead Mans Chest',2006,7.3,959,'x','2012-01-01 00:00:00','2016-06-21 00:00:00'),(1508,'Planeta dos Macacos: A Origem','Rise of the Planet of the Apes',2011,7.6,1107,'x','2012-01-01 00:00:00','2019-04-26 00:00:00'),(1509,'O Grande Mestre 2','YIp Man 2',2010,7.6,901,'n',NULL,'2016-06-21 00:00:00'),(1510,'Rec','[Rec]',2007,7.5,1026,'x','2013-08-01 00:00:00','2016-06-22 00:00:00'),(1511,'Rec 2','[Rec]²',2009,6.6,1026,'x','2014-10-01 00:00:00','2016-06-22 00:00:00'),(1512,'Resgate do Soldado Ryan','Saving Private Ryan',1998,8.6,768,'x','2012-01-01 00:00:00','2016-06-21 00:00:00'),(1513,'Sexo Sem compromisso','No Strings Attached',2011,6.2,1045,'x','2012-01-01 00:00:00','2016-06-22 00:00:00'),(1514,'Resident Evil IV','Resident Evil: Afterlife',2010,5.9,1003,'x','2013-01-01 00:00:00','2016-06-21 00:00:00'),(1515,'Sherlock Holmes 2','Sherlock Holmes: A Game of Shadows',2011,7.5,1028,'x','2013-01-01 00:00:00','2016-06-22 00:00:00'),(1516,'Os Estagiários - Sem Cortes','The Internship',2013,6.3,996,'',NULL,'2016-06-21 00:00:00'),(1517,'Silent Hill: Revelação 3D','Silent Hill: Revelation',2012,5.0,1048,'x','2014-08-01 00:00:00','2016-06-21 00:00:00'),(1518,'Shaolin','Xin Shao Lin si',2011,6.9,1046,'x','2012-01-01 00:00:00','2016-06-22 00:00:00'),(1519,'Sniper Americano','American Sniper',2014,7.3,748,'x','2015-05-01 00:00:00','2016-06-22 00:00:00'),(1520,'Forças Especiais','Forces spéciales',2011,6.4,864,'x','2012-01-01 00:00:00','2016-06-21 00:00:00'),(1521,'Splice - A Nova Espécie','Splice',2009,5.8,1055,'x','2012-01-01 00:00:00','2016-06-21 00:00:00'),(1522,'Os Incriveis','The Incredibles',2004,8.0,942,'',NULL,'2019-04-22 00:00:00'),(1523,'Star Trek 7','Star Trek: Generations',1994,6.6,1060,'x','2012-01-01 00:00:00','2016-06-21 00:00:00'),(1524,'Street Fighter: Punho Assassino','Street Fighter: Assassins Fist',2014,7.5,1064,'x','2016-01-01 00:00:00','2016-06-21 00:00:00'),(1525,'Star Wars - Episode I','Star Wars: Episode I - The Phantom Menace',1999,6.5,1063,'x','2012-01-01 00:00:00','2016-06-22 00:00:00'),(1526,'Star Wars - Episode II','Star Wars: Episode II - Attack of the Clones',2002,6.7,1063,'x','2012-01-01 00:00:00','2016-06-22 00:00:00'),(1527,'Star Wars - Episode III','Star Wars: Episode III - Revenge of the Sith',2005,7.6,1063,'x','2012-01-01 00:00:00','2016-06-22 00:00:00'),(1528,'El Dorado','El Dorado',2010,5.0,846,'x','2012-01-01 00:00:00','2016-06-21 00:00:00'),(1529,'Supremacia Bourne','The Bourne Supremacy',2004,7.8,1067,'x','2012-01-01 00:00:00','2016-06-22 00:00:00'),(1530,'O Legado Bourne','The Bourne Legacy',2012,6.7,979,'x','2013-01-01 00:00:00','2016-06-21 00:00:00'),(1531,'Robin Hood - A Origem','Robin Hood',2018,5.3,1108,'',NULL,'2019-04-22 00:00:00'),(1532,'Anjos da Vida: Mais Bravos que o Mar','The Guardian',2006,6.9,1109,'x','2012-01-01 00:00:00','2019-04-26 00:00:00'),(1533,'O Hobbit: A Desolação de Smaug','The Hobbit: The Desolation of Smaug',2013,7.9,916,'c','2014-05-01 00:00:00','2016-06-21 00:00:00'),(1534,'Jogos Vorazes: em Chamas','The Hunger Games: Catching Fire',2013,7.6,746,'x','2014-05-01 00:00:00','2016-06-21 00:00:00'),(1535,'O Impossível','Lo imposible',2012,7.6,975,'c','2013-01-01 00:00:00','2016-06-21 00:00:00'),(1536,'Thor Ragnarok','Thor: Ragnarok',2017,8.0,1077,'x','2018-04-01 00:00:00','2018-02-26 00:00:00'),(1537,'Transformers 4: A Era da Extinca','Transformers: Age of Extinction',2014,5.7,719,'x','2015-01-01 00:00:00','2016-06-21 00:00:00'),(1538,'Tron: O Legado','Tron',2010,6.8,990,'x','2012-01-01 00:00:00','2016-06-21 00:00:00'),(1539,'A Bruxa','The VVitch: A New-England Folktale',2015,6.8,1075,'x','2018-07-01 00:00:00','2018-02-23 00:00:00'),(1540,'Ultimato Bourne','The Bourne Ultimatum',2007,8.1,1067,'x','2012-01-01 00:00:00','2016-06-22 00:00:00'),(1541,'Um Homem Entre Gigantes','Concussion',2015,7.1,1083,'x','2018-04-01 00:00:00','2018-02-23 00:00:00'),(1542,'Sobrenatural: capítulo 2','Insidious: Chapter 2',2013,6.6,900,'n',NULL,'2016-06-22 00:00:00'),(1543,'Surfs Up 2','Surfs Up 2',2017,4.7,1068,'',NULL,'2017-06-19 00:00:00'),(1544,'Wolverine - Imortal','The Wolverine',2013,6.7,848,'x','2013-12-01 00:00:00','2016-06-21 00:00:00'),(1545,'Tempos de Paz','Tempos de Paz',2009,7.1,802,'',NULL,'2016-06-21 00:00:00'),(1546,'WiFi Ralph: Quebrando a Internet','Ralph Breaks the Internet',2018,7.2,1110,'x','2019-07-01 00:00:00','2019-04-22 00:00:00'),(1547,'X-Men Primeira Classe','X: First Class',2011,7.8,918,'x','2012-01-01 00:00:00','2016-06-22 00:00:00'),(1548,'Capitã Marvel','Captain Marvel',2019,7.1,1111,'c','2019-04-01 00:00:00','2019-06-18 00:00:00'),(1549,'Fragmentado','Split',2016,7.3,816,'c','2018-01-01 00:00:00','2019-06-18 00:00:00'),(1550,'Vingadores: Ultimato','Avengers: Endgame',2019,8.3,795,'c','2019-04-01 00:00:00','2019-06-19 00:00:00'),(1551,'A Freira','The Nun',2018,5.4,1112,'x','2019-07-01 00:00:00','2019-07-21 00:00:00'),(1552,'Homem-Aranha no Aranhaverso','Spider-Man: Into the Spider-Verse',2018,8.5,1113,'','2019-09-01 00:00:00','2019-07-21 00:00:00'),(1553,'Shazam!','Shazam!',2019,7.4,1114,'x','2019-08-01 00:00:00','2019-07-21 00:00:00'),(1554,'Vidro','Glass',2019,6.8,816,'',NULL,'2019-07-21 00:00:00'),(1555,'O Protetor 2','The Equalizer 2',2018,6.7,897,'x','2019-07-01 00:00:00','2019-07-21 00:00:00'),(1556,'Alfa','Alpha',2018,6.7,980,'x','2019-09-01 00:00:00','2019-07-22 00:00:00'),(1557,'O Passageiro','The Commuter',2018,6.3,831,'x','2019-09-01 00:00:00','2019-07-22 00:00:00'),(1558,'O Mistério do Relógio na Parede','The House with a Clock in Its Walls',2018,6.0,1115,'x','2019-09-01 00:00:00','2019-07-22 00:00:00'),(1559,'Homem-Aranha: Longe de Casa','Spider-Man: Far from Home',2019,7.9,889,'c','2019-07-01 00:00:00','2019-07-25 00:00:00'),(1560,'Aladdin','Aladdin',2019,7.4,1028,'',NULL,'2019-09-20 00:00:00'),(1561,'Godzilla II: Rei dos Monstros','Godzilla: King of the Monsters',2019,6.7,1116,'',NULL,'2019-09-20 00:00:00'),(1562,'Hellboy','Hellboy',2019,5.4,740,'',NULL,'2019-09-20 00:00:00'),(1563,'John Wick 3: Parabellum','John Wick: Chapter 3 - Parabellum',2019,8.0,824,'',NULL,'2019-09-20 00:00:00'),(1564,'Rocketman','Rocketman',2019,7.7,1117,'',NULL,'2019-09-20 00:00:00'),(1565,'MIB: Homens de Preto - Internacional','Men in Black: International',2019,5.6,1118,'',NULL,'2019-09-20 00:00:00'),(1566,'Toy Story 4','Toy Story 4',2019,8.1,1119,'',NULL,'2019-09-20 00:00:00'),(1567,'X-Men: Fênix Negra','Dark Phoenix',2019,6.0,1120,'',NULL,'2019-09-20 00:00:00'),(1568,'Harry Potter e a Pedra Filosofal','Harry Potter and the Sorcerers Stone',2001,7.6,883,'','2002-01-01 00:00:00','2019-09-23 00:00:00');
/*!40000 ALTER TABLE `mc_fil_filme` ENABLE KEYS */;
UNLOCK TABLES;

--
-- Table structure for table `mc_gen_genero`
--

DROP TABLE IF EXISTS `mc_gen_genero`;
/*!40101 SET @saved_cs_client     = @@character_set_client */;
/*!40101 SET character_set_client = utf8 */;
CREATE TABLE `mc_gen_genero` (
  `gen_genero_id` int(11) NOT NULL AUTO_INCREMENT,
  `gen_nome` varchar(45) NOT NULL,
  PRIMARY KEY (`gen_genero_id`)
) ENGINE=InnoDB AUTO_INCREMENT=21 DEFAULT CHARSET=utf8;
/*!40101 SET character_set_client = @saved_cs_client */;

--
-- Dumping data for table `mc_gen_genero`
--

LOCK TABLES `mc_gen_genero` WRITE;
/*!40000 ALTER TABLE `mc_gen_genero` DISABLE KEYS */;
INSERT INTO `mc_gen_genero` VALUES (1,'Action'),(2,'Adventure'),(3,'Animation'),(4,'Biography'),(5,'Comedy'),(6,'Crime'),(7,'Documentary'),(8,'Drama'),(9,'Family'),(10,'Fantasy'),(11,'History'),(12,'Horror'),(13,'Music'),(14,'Mystery'),(15,'Romance'),(16,'Sci-Fi'),(17,'Sport'),(18,'Thriller'),(19,'War'),(20,'Western');
/*!40000 ALTER TABLE `mc_gen_genero` ENABLE KEYS */;
UNLOCK TABLES;

--
-- Table structure for table `mc_gf_genero_filme`
--

DROP TABLE IF EXISTS `mc_gf_genero_filme`;
/*!40101 SET @saved_cs_client     = @@character_set_client */;
/*!40101 SET character_set_client = utf8 */;
CREATE TABLE `mc_gf_genero_filme` (
  `gf_gen_genero_id` int(11) NOT NULL,
  `gf_fil_filme_id` int(11) NOT NULL,
  PRIMARY KEY (`gf_gen_genero_id`,`gf_fil_filme_id`),
  KEY `fk_mc_gen_genero_has_mc_fil_filme_mc_fil_filme1_idx` (`gf_fil_filme_id`),
  KEY `fk_mc_gen_genero_has_mc_fil_filme_mc_gen_genero1_idx` (`gf_gen_genero_id`),
  CONSTRAINT `fk_mc_gen_genero_has_mc_fil_filme_mc_fil_filme1` FOREIGN KEY (`gf_fil_filme_id`) REFERENCES `mc_fil_filme` (`fil_filme_id`) ON DELETE CASCADE ON UPDATE NO ACTION,
  CONSTRAINT `fk_mc_gen_genero_has_mc_fil_filme_mc_gen_genero1` FOREIGN KEY (`gf_gen_genero_id`) REFERENCES `mc_gen_genero` (`gen_genero_id`) ON DELETE NO ACTION ON UPDATE NO ACTION
) ENGINE=InnoDB DEFAULT CHARSET=utf8;
/*!40101 SET character_set_client = @saved_cs_client */;

--
-- Dumping data for table `mc_gf_genero_filme`
--

LOCK TABLES `mc_gf_genero_filme` WRITE;
/*!40000 ALTER TABLE `mc_gf_genero_filme` DISABLE KEYS */;
INSERT INTO `mc_gf_genero_filme` VALUES (1,837),(2,837),(18,837),(1,838),(2,838),(18,838),(1,839),(2,839),(1,840),(2,840),(18,840),(6,841),(8,841),(14,841),(2,842),(14,842),(16,842),(1,843),(12,843),(16,843),(1,844),(8,844),(10,844),(1,845),(6,845),(18,845),(6,846),(8,846),(15,846),(1,847),(2,847),(8,847),(1,848),(16,848),(18,848),(3,849),(9,849),(10,849),(8,850),(14,850),(16,850),(12,851),(14,851),(16,851),(1,852),(2,852),(16,852),(8,853),(5,854),(2,855),(3,855),(5,855),(5,856),(8,856),(10,857),(12,857),(14,857),(1,858),(2,858),(10,858),(5,859),(1,860),(2,860),(15,860),(2,861),(8,861),(9,861),(2,862),(10,862),(14,862),(1,863),(2,863),(8,863),(1,864),(2,864),(3,864),(10,865),(12,865),(1,866),(2,866),(10,866),(1,867),(2,867),(6,867),(2,868),(3,868),(9,868),(8,869),(15,869),(16,869),(18,870),(1,871),(2,871),(16,871),(4,872),(8,872),(1,873),(8,873),(11,873),(1,874),(2,874),(14,874),(2,875),(16,875),(18,875),(5,876),(8,876),(10,876),(4,877),(8,877),(15,877),(1,878),(2,878),(10,878),(1,879),(6,879),(18,879),(12,880),(18,880),(1,882),(6,882),(8,882),(2,883),(12,883),(18,883),(1,884),(10,884),(12,884),(1,885),(2,885),(8,885),(1,886),(16,886),(18,886),(1,887),(8,887),(18,887),(2,888),(8,888),(11,888),(8,889),(15,889),(1,890),(3,890),(16,890),(8,891),(10,891),(4,892),(8,892),(17,892),(2,893),(3,893),(9,893),(12,894),(16,894),(18,894),(5,895),(14,896),(18,896),(2,897),(9,897),(10,897),(6,898),(8,898),(15,898),(6,899),(8,899),(14,899),(1,900),(5,900),(6,900),(1,901),(10,901),(12,901),(1,902),(12,902),(1,904),(10,904),(16,904),(1,905),(2,905),(10,905),(8,906),(8,907),(12,907),(16,907),(2,908),(8,908),(11,908),(1,909),(3,909),(16,909),(1,910),(18,910),(4,911),(8,911),(11,911),(16,912),(18,912),(2,913),(8,913),(10,913),(1,914),(2,914),(3,914),(2,915),(9,915),(10,915),(1,916),(2,916),(9,916),(8,917),(1,918),(2,918),(5,918),(2,919),(5,919),(9,919),(5,921),(6,921),(14,921),(1,922),(6,922),(8,922),(1,923),(2,923),(10,923),(1,924),(5,924),(16,924),(6,925),(8,925),(18,925),(1,926),(14,926),(18,926),(6,927),(8,927),(18,927),(1,928),(2,928),(10,928),(1,931),(2,931),(16,931),(1,932),(2,932),(16,932),(1,933),(2,933),(16,933),(1,934),(2,934),(8,934),(1,935),(4,935),(8,935),(16,937),(18,937),(8,938),(14,938),(16,938),(2,940),(8,940),(20,940),(1,941),(6,941),(10,941),(8,942),(15,942),(16,942),(1,943),(6,943),(18,943),(1,944),(18,944),(1,945),(6,945),(8,945),(8,947),(19,947),(1,949),(2,949),(16,949),(1,950),(2,950),(16,950),(8,951),(10,951),(12,951),(2,952),(3,952),(5,952),(2,953),(3,953),(5,953),(1,955),(6,955),(8,955),(4,957),(8,957),(5,958),(15,958),(8,959),(9,959),(10,959),(8,960),(15,960),(1,961),(2,961),(16,961),(8,962),(18,962),(2,963),(9,963),(10,963),(8,965),(1,966),(6,966),(8,966),(4,968),(6,968),(8,968),(6,969),(8,969),(18,969),(8,970),(18,970),(14,972),(16,972),(18,972),(1,973),(8,973),(19,973),(8,974),(14,974),(16,974),(12,975),(14,975),(18,975),(8,977),(17,977),(2,980),(8,980),(10,980),(2,981),(8,981),(10,981),(5,982),(15,982),(1,983),(6,983),(18,983),(1,984),(2,984),(5,984),(1,985),(16,985),(18,985),(5,986),(1,988),(2,988),(16,988),(1,989),(2,989),(8,989),(1,990),(14,990),(18,990),(8,991),(14,991),(16,991),(2,993),(3,993),(5,993),(12,994),(1,995),(16,995),(2,996),(14,996),(16,996),(2,997),(3,997),(5,997),(8,998),(20,998),(1,999),(5,999),(6,999),(1,1000),(2,1000),(10,1000),(1,1001),(8,1001),(10,1001),(1,1002),(2,1002),(10,1002),(1,1003),(16,1003),(6,1004),(8,1004),(1,1006),(8,1006),(11,1006),(1,1007),(6,1007),(18,1007),(1,1011),(5,1011),(15,1011),(2,1014),(5,1014),(8,1014),(1,1016),(2,1016),(10,1016),(4,1017),(8,1017),(11,1017),(8,1018),(12,1018),(16,1018),(1,1019),(2,1019),(16,1019),(8,1020),(14,1020),(16,1020),(1,1021),(2,1021),(8,1021),(8,1022),(12,1022),(16,1022),(12,1023),(16,1023),(6,1025),(8,1025),(15,1025),(8,1026),(18,1026),(12,1027),(8,1028),(16,1028),(18,1028),(8,1031),(15,1031),(1,1032),(10,1032),(16,1032),(2,1033),(8,1033),(15,1033),(1,1034),(2,1034),(9,1034),(1,1035),(2,1035),(10,1035),(1,1036),(10,1036),(18,1036),(6,1039),(8,1039),(11,1039),(3,1040),(8,1040),(10,1040),(2,1041),(3,1041),(5,1041),(8,1042),(16,1042),(18,1042),(5,1044),(8,1044),(15,1044),(2,1045),(8,1045),(16,1045),(1,1047),(2,1047),(16,1047),(1,1048),(5,1048),(15,1048),(1,1049),(2,1049),(12,1049),(8,1050),(17,1050),(1,1052),(8,1052),(18,1052),(1,1053),(2,1053),(16,1053),(2,1054),(9,1054),(10,1054),(2,1055),(9,1055),(10,1055),(2,1056),(9,1056),(10,1056),(2,1058),(9,1058),(10,1058),(2,1059),(9,1059),(10,1059),(2,1060),(8,1060),(10,1060),(1,1061),(2,1061),(1,1063),(2,1063),(16,1063),(1,1064),(2,1064),(16,1064),(1,1066),(2,1066),(16,1066),(1,1067),(2,1067),(5,1067),(1,1068),(2,1068),(5,1068),(1,1069),(8,1069),(18,1069),(14,1071),(18,1071),(1,1073),(2,1073),(8,1073),(6,1074),(8,1074),(18,1074),(1,1076),(2,1076),(16,1076),(1,1077),(2,1077),(6,1077),(2,1078),(8,1078),(16,1078),(6,1079),(8,1079),(18,1079),(1,1080),(18,1080),(1,1081),(6,1081),(8,1081),(1,1082),(16,1082),(6,1083),(8,1083),(18,1083),(12,1084),(14,1084),(18,1084),(12,1085),(14,1085),(18,1085),(1,1087),(4,1087),(8,1087),(8,1088),(12,1088),(18,1088),(4,1089),(6,1089),(8,1089),(2,1090),(10,1090),(1,1092),(2,1092),(6,1092),(1,1093),(5,1093),(7,1093),(1,1094),(14,1094),(18,1094),(1,1095),(10,1095),(12,1095),(4,1096),(8,1096),(18,1096),(12,1097),(14,1097),(2,1098),(16,1098),(18,1098),(2,1099),(8,1099),(16,1099),(2,1100),(16,1100),(1,1102),(2,1102),(16,1102),(1,1103),(6,1103),(18,1103),(1,1104),(2,1104),(16,1104),(1,1105),(8,1105),(9,1105),(1,1106),(5,1106),(6,1106),(1,1107),(12,1107),(16,1107),(1,1108),(2,1108),(8,1108),(1,1109),(2,1109),(3,1109),(1,1110),(2,1110),(5,1110),(1,1112),(2,1112),(3,1112),(1,1113),(2,1113),(3,1113),(1,1114),(2,1114),(3,1114),(5,1115),(8,1115),(13,1115),(1,1117),(6,1117),(8,1117),(1,1118),(2,1118),(16,1118),(1,1120),(2,1120),(3,1120),(1,1121),(3,1121),(10,1121),(6,1122),(8,1122),(18,1122),(4,1123),(8,1123),(1,1124),(8,1124),(16,1124),(1,1125),(16,1125),(18,1125),(1,1126),(8,1126),(1,1127),(6,1127),(18,1127),(2,1129),(3,1129),(5,1129),(8,1130),(2,1131),(18,1131),(6,1132),(8,1132),(18,1132),(1,1136),(2,1136),(9,1136),(1,1137),(14,1137),(16,1137),(1,1138),(16,1138),(18,1138),(1,1139),(3,1139),(5,1139),(5,1140),(10,1140),(15,1140),(8,1141),(16,1141),(3,1143),(5,1143),(9,1143),(5,1145),(1,1146),(2,1146),(18,1146),(1,1147),(2,1147),(18,1147),(8,1148),(14,1148),(16,1148),(8,1149),(1,1150),(10,1150),(18,1150),(5,1151),(1,1152),(2,1152),(10,1152),(1,1154),(6,1154),(18,1154),(1,1155),(2,1155),(8,1155),(1,1156),(6,1156),(8,1156),(8,1159),(18,1159),(1,1160),(8,1160),(18,1160),(5,1162),(8,1162),(15,1162),(1,1163),(8,1163),(18,1163),(2,1164),(8,1164),(18,1164),(5,1167),(8,1167),(15,1167),(2,1168),(3,1168),(9,1168),(1,1169),(2,1169),(20,1169),(12,1170),(14,1170),(1,1171),(6,1171),(18,1171),(5,1172),(6,1173),(8,1173),(18,1173),(1,1174),(6,1174),(8,1174),(6,1175),(14,1175),(18,1175),(8,1176),(10,1176),(15,1176),(1,1177),(2,1177),(16,1177),(4,1178),(8,1178),(18,1178),(5,1180),(15,1180),(8,1181),(15,1181),(16,1181),(12,1182),(16,1182),(1,1183),(2,1183),(10,1183),(5,1184),(15,1184),(4,1185),(5,1185),(6,1185),(8,1186),(15,1186),(1,1187),(4,1187),(8,1187),(8,1189),(14,1189),(16,1189),(2,1190),(10,1190),(2,1191),(10,1191),(6,1193),(18,1193),(6,1194),(8,1194),(12,1194),(1,1195),(1,1196),(6,1196),(18,1196),(1,1197),(2,1197),(16,1197),(4,1200),(8,1200),(18,1200),(1,1203),(2,1203),(8,1203),(4,1204),(5,1204),(6,1204),(12,1205),(1,1206),(8,1206),(18,1206),(1,1207),(16,1207),(18,1207),(8,1208),(14,1208),(16,1208),(1,1210),(6,1210),(18,1210),(2,1211),(8,1211),(18,1211),(1,1212),(2,1212),(5,1212),(8,1213),(10,1213),(18,1213),(8,1214),(12,1214),(14,1214),(10,1215),(12,1215),(14,1215),(1,1217),(6,1217),(18,1217),(1,1218),(16,1218),(8,1219),(18,1219),(1,1220),(2,1220),(14,1220),(1,1221),(1,1222),(2,1222),(3,1222),(15,1224),(16,1224),(18,1224),(1,1226),(2,1226),(10,1226),(2,1228),(6,1228),(8,1228),(6,1229),(8,1229),(18,1229),(8,1230),(1,1232),(2,1232),(18,1232),(1,1233),(2,1233),(18,1233),(6,1234),(8,1234),(14,1234),(5,1235),(6,1237),(8,1237),(14,1237),(1,1238),(2,1238),(15,1238),(1,1239),(2,1239),(2,1240),(9,1240),(10,1240),(1,1241),(12,1241),(14,1241),(5,1242),(8,1243),(2,1244),(3,1244),(5,1244),(1,1245),(6,1245),(15,1245),(8,1246),(14,1246),(15,1246),(5,1247),(15,1247),(2,1248),(9,1248),(10,1248),(2,1249),(8,1249),(16,1249),(1,1250),(6,1250),(18,1250),(2,1251),(3,1251),(5,1251),(1,1252),(2,1252),(10,1252),(1,1253),(2,1253),(10,1253),(1,1254),(2,1254),(10,1254),(1,1257),(3,1257),(5,1257),(1,1258),(2,1258),(8,1258),(1,1260),(2,1260),(8,1260),(1,1261),(16,1261),(18,1261),(1,1262),(6,1262),(8,1262),(8,1263),(16,1263),(18,1263),(1,1264),(2,1264),(8,1264),(12,1265),(16,1266),(18,1266),(8,1268),(18,1268),(5,1269),(6,1269),(8,1270),(10,1270),(15,1270),(1,1271),(5,1271),(10,1271),(1,1272),(18,1272),(19,1272),(1,1273),(8,1273),(16,1273),(1,1277),(4,1277),(6,1277),(1,1278),(2,1278),(8,1278),(1,1280),(12,1280),(16,1280),(1,1281),(12,1281),(16,1281),(1,1284),(12,1284),(16,1284),(1,1285),(12,1285),(16,1285),(1,1286),(16,1286),(18,1286),(2,1287),(3,1287),(5,1287),(1,1288),(2,1288),(8,1288),(1,1289),(16,1289),(18,1289),(1,1290),(6,1290),(18,1290),(1,1291),(2,1291),(16,1291),(1,1292),(14,1292),(18,1292),(1,1293),(5,1293),(6,1293),(8,1294),(12,1294),(14,1294),(1,1295),(2,1295),(8,1295),(2,1296),(8,1296),(18,1296),(5,1297),(5,1298),(6,1298),(6,1299),(8,1299),(18,1299),(14,1300),(16,1300),(18,1300),(1,1301),(18,1301),(1,1302),(2,1302),(16,1302),(1,1303),(2,1303),(16,1303),(8,1304),(20,1304),(1,1305),(2,1305),(20,1305),(1,1308),(2,1308),(6,1308),(8,1310),(6,1312),(18,1312),(1,1313),(6,1313),(18,1313),(3,1314),(5,1314),(9,1314),(1,1315),(16,1315),(18,1315),(5,1316),(6,1316),(10,1318),(12,1318),(14,1318),(1,1320),(2,1320),(10,1320),(4,1321),(8,1321),(13,1321),(5,1322),(1,1323),(16,1323),(18,1323),(4,1325),(8,1325),(11,1325),(8,1326),(12,1326),(16,1326),(1,1327),(2,1327),(14,1327),(1,1328),(2,1328),(16,1328),(1,1329),(2,1329),(16,1329),(1,1331),(2,1331),(8,1331),(1,1332),(2,1332),(16,1332),(1,1333),(2,1333),(16,1333),(1,1337),(2,1337),(10,1337),(1,1338),(2,1338),(16,1338),(1,1340),(16,1340),(18,1340),(1,1341),(10,1341),(4,1342),(8,1342),(8,1343),(11,1343),(15,1343),(1,1344),(14,1344),(16,1344),(5,1347),(1,1348),(2,1348),(5,1348),(1,1349),(6,1349),(8,1349),(8,1351),(15,1351),(1,1352),(2,1352),(8,1352),(2,1353),(8,1353),(12,1353),(12,1354),(14,1354),(16,1354),(12,1356),(14,1356),(1,1357),(2,1357),(10,1357),(1,1358),(2,1358),(10,1358),(5,1360),(2,1361),(3,1361),(5,1361),(8,1362),(14,1362),(15,1362),(1,1363),(2,1363),(16,1363),(1,1365),(2,1365),(16,1365),(1,1366),(2,1366),(16,1366),(1,1368),(16,1368),(19,1368),(1,1370),(2,1370),(5,1370),(1,1371),(2,1371),(5,1371),(1,1374),(8,1374),(10,1374),(2,1375),(3,1375),(5,1375),(5,1376),(2,1377),(3,1377),(5,1377),(1,1378),(2,1378),(10,1378),(1,1379),(6,1379),(18,1379),(1,1380),(6,1380),(18,1380),(1,1381),(6,1381),(18,1381),(12,1384),(16,1384),(18,1384),(1,1385),(2,1385),(16,1385),(1,1386),(2,1386),(16,1386),(1,1387),(6,1387),(8,1387),(1,1388),(6,1388),(8,1388),(1,1389),(5,1389),(16,1389),(1,1390),(2,1390),(10,1390),(1,1391),(2,1391),(14,1391),(1,1393),(2,1393),(16,1393),(1,1395),(2,1395),(16,1395),(1,1396),(2,1396),(18,1396),(1,1397),(2,1397),(5,1397),(1,1398),(10,1398),(18,1398),(8,1399),(18,1399),(19,1399),(8,1400),(10,1400),(16,1400),(1,1401),(2,1401),(3,1401),(2,1404),(3,1404),(5,1404),(8,1405),(9,1405),(1,1406),(2,1406),(10,1406),(1,1407),(16,1407),(18,1407),(8,1408),(14,1408),(18,1408),(1,1409),(2,1409),(5,1409),(1,1410),(2,1410),(16,1410),(2,1411),(3,1411),(5,1411),(8,1412),(15,1412),(18,1412),(8,1413),(15,1413),(1,1414),(2,1414),(10,1414),(4,1415),(8,1415),(11,1415),(1,1416),(6,1416),(8,1416),(2,1417),(8,1417),(10,1417),(1,1418),(2,1418),(10,1418),(1,1419),(2,1419),(16,1419),(1,1420),(2,1420),(10,1420),(1,1421),(2,1421),(16,1421),(1,1422),(2,1422),(16,1422),(1,1423),(2,1423),(5,1423),(1,1424),(2,1424),(18,1424),(1,1425),(2,1425),(10,1425),(8,1426),(12,1426),(14,1426),(8,1427),(17,1427),(1,1428),(2,1428),(5,1428),(2,1429),(9,1429),(10,1429),(4,1430),(8,1430),(13,1430),(1,1431),(2,1431),(10,1431),(1,1432),(16,1432),(18,1432),(2,1433),(8,1433),(19,1433),(1,1434),(6,1434),(8,1434),(5,1435),(8,1435),(1,1436),(2,1436),(8,1436),(5,1437),(8,1437),(10,1437),(1,1438),(2,1438),(16,1438),(1,1439),(8,1439),(18,1439),(12,1440),(14,1440),(16,1440),(1,1441),(2,1441),(12,1441),(1,1442),(2,1442),(10,1442),(8,1443),(14,1443),(16,1443),(5,1444),(2,1445),(8,1445),(10,1445),(2,1446),(8,1446),(10,1446),(2,1447),(8,1447),(20,1447),(12,1448),(14,1448),(1,1449),(2,1449),(10,1449),(1,1450),(2,1450),(10,1450),(4,1451),(8,1451),(18,1451),(1,1452),(8,1452),(16,1452),(1,1453),(2,1453),(8,1453),(1,1454),(16,1454),(8,1455),(18,1455),(5,1456),(15,1456),(5,1457),(6,1457),(6,1458),(8,1458),(18,1458),(1,1460),(2,1460),(16,1460),(1,1461),(2,1461),(16,1461),(1,1462),(2,1462),(16,1462),(1,1463),(2,1463),(5,1463),(1,1464),(2,1464),(16,1464),(2,1465),(9,1465),(10,1465),(1,1466),(2,1466),(8,1466),(3,1467),(5,1467),(9,1467),(1,1468),(8,1468),(10,1468),(1,1469),(4,1469),(8,1469),(1,1470),(8,1470),(12,1470),(1,1471),(18,1471),(1,1472),(4,1472),(8,1472),(1,1473),(2,1473),(16,1473),(1,1474),(6,1474),(14,1474),(1,1475),(2,1475),(5,1475),(1,1476),(2,1476),(5,1476),(1,1477),(2,1477),(16,1477),(1,1478),(6,1478),(18,1478),(1,1479),(2,1479),(16,1479),(5,1480),(8,1480),(15,1480),(1,1481),(2,1481),(8,1481),(1,1482),(16,1482),(1,1483),(16,1483),(1,1484),(16,1484),(1,1485),(2,1485),(18,1485),(4,1486),(6,1486),(8,1486),(1,1487),(2,1487),(16,1487),(1,1488),(6,1488),(8,1488),(1,1489),(2,1489),(9,1489),(1,1490),(2,1490),(8,1490),(4,1491),(8,1491),(11,1491),(6,1492),(8,1492),(16,1492),(2,1493),(3,1493),(5,1493),(8,1494),(9,1494),(8,1495),(10,1495),(19,1495),(1,1496),(2,1496),(16,1496),(2,1497),(8,1497),(9,1497),(2,1498),(14,1498),(16,1498),(6,1499),(8,1499),(1,1500),(15,1500),(18,1500),(1,1501),(6,1501),(18,1501),(1,1502),(5,1502),(6,1502),(8,1503),(13,1503),(15,1503),(10,1504),(12,1504),(14,1504),(1,1505),(12,1505),(16,1505),(1,1506),(2,1506),(10,1506),(1,1507),(2,1507),(10,1507),(1,1508),(8,1508),(16,1508),(1,1509),(4,1509),(8,1509),(12,1510),(12,1511),(1,1512),(8,1512),(19,1512),(5,1513),(15,1513),(1,1514),(2,1514),(12,1514),(1,1515),(2,1515),(6,1515),(5,1516),(2,1517),(8,1517),(12,1517),(1,1518),(8,1518),(1,1519),(4,1519),(8,1519),(1,1520),(8,1520),(19,1520),(8,1521),(12,1521),(16,1521),(1,1522),(2,1522),(3,1522),(1,1523),(2,1523),(14,1523),(1,1524),(2,1524),(8,1524),(1,1525),(2,1525),(10,1525),(1,1526),(2,1526),(10,1526),(1,1527),(2,1527),(10,1527),(1,1528),(2,1528),(10,1528),(1,1529),(14,1529),(18,1529),(1,1530),(2,1530),(18,1530),(1,1531),(2,1531),(18,1531),(1,1532),(2,1532),(8,1532),(2,1533),(10,1533),(2,1534),(16,1534),(18,1534),(8,1535),(18,1535),(1,1536),(2,1536),(5,1536),(1,1537),(2,1537),(16,1537),(1,1538),(2,1538),(16,1538),(12,1539),(14,1539),(1,1540),(14,1540),(18,1540),(4,1541),(8,1541),(17,1541),(10,1542),(12,1542),(18,1542),(3,1543),(5,1543),(9,1543),(1,1544),(2,1544),(16,1544),(8,1545),(2,1546),(3,1546),(5,1546),(1,1547),(2,1547),(16,1547),(1,1548),(2,1548),(16,1548),(12,1549),(18,1549),(1,1550),(2,1550),(10,1550),(12,1551),(14,1551),(18,1551),(1,1552),(2,1552),(3,1552),(1,1553),(2,1553),(5,1553),(8,1554),(16,1554),(18,1554),(1,1555),(6,1555),(18,1555),(2,1556),(8,1556),(9,1556),(1,1557),(14,1557),(18,1557),(5,1558),(10,1558),(12,1558),(1,1559),(2,1559),(5,1559),(2,1560),(5,1560),(9,1560),(1,1561),(2,1561),(10,1561),(1,1562),(2,1562),(10,1562),(1,1563),(6,1563),(18,1563),(4,1564),(8,1564),(13,1564),(1,1565),(2,1565),(5,1565),(2,1566),(3,1566),(5,1566),(1,1567),(2,1567),(16,1567),(2,1568),(9,1568),(10,1568);
/*!40000 ALTER TABLE `mc_gf_genero_filme` ENABLE KEYS */;
UNLOCK TABLES;

--
-- Temporary view structure for view `movies`
--

DROP TABLE IF EXISTS `movies`;
/*!50001 DROP VIEW IF EXISTS `movies`*/;
SET @saved_cs_client     = @@character_set_client;
SET character_set_client = utf8;
/*!50001 CREATE VIEW `movies` AS SELECT 
 1 AS `Id`,
 1 AS `titulo`,
 1 AS `titulo_original`,
 1 AS `ano`,
 1 AS `rating`,
 1 AS `diretor_id`,
 1 AS `visto`,
 1 AS `periodo`,
 1 AS `update`*/;
SET character_set_client = @saved_cs_client;

--
-- Table structure for table `newauthor`
--

DROP TABLE IF EXISTS `newauthor`;
/*!40101 SET @saved_cs_client     = @@character_set_client */;
/*!40101 SET character_set_client = utf8 */;
CREATE TABLE `newauthor` (
  `aut_id` varchar(8) NOT NULL,
  `aut_name` varchar(50) NOT NULL,
  `country` varchar(25) NOT NULL,
  `home_city` varchar(25) NOT NULL,
  PRIMARY KEY (`aut_id`,`home_city`)
) ENGINE=MyISAM DEFAULT CHARSET=utf8;
/*!40101 SET character_set_client = @saved_cs_client */;

--
-- Dumping data for table `newauthor`
--

LOCK TABLES `newauthor` WRITE;
/*!40000 ALTER TABLE `newauthor` DISABLE KEYS */;
INSERT INTO `newauthor` VALUES ('1','12','123','1234');
/*!40000 ALTER TABLE `newauthor` ENABLE KEYS */;
UNLOCK TABLES;

--
-- Table structure for table `noticias`
--

DROP TABLE IF EXISTS `noticias`;
/*!40101 SET @saved_cs_client     = @@character_set_client */;
/*!40101 SET character_set_client = utf8 */;
CREATE TABLE `noticias` (
  `noticia_id` int(11) NOT NULL AUTO_INCREMENT,
  `noticia_data` datetime DEFAULT '0000-00-00 00:00:00',
  `noticia_autor` varchar(255) DEFAULT NULL,
  `noticia_titulo` varchar(255) DEFAULT NULL,
  `noticia_texto` text,
  `noticia_imagem` varchar(255) DEFAULT NULL,
  PRIMARY KEY (`noticia_id`)
) ENGINE=MyISAM DEFAULT CHARSET=utf8;
/*!40101 SET character_set_client = @saved_cs_client */;

--
-- Dumping data for table `noticias`
--

LOCK TABLES `noticias` WRITE;
/*!40000 ALTER TABLE `noticias` DISABLE KEYS */;
/*!40000 ALTER TABLE `noticias` ENABLE KEYS */;
UNLOCK TABLES;

--
-- Table structure for table `users`
--

DROP TABLE IF EXISTS `users`;
/*!40101 SET @saved_cs_client     = @@character_set_client */;
/*!40101 SET character_set_client = utf8 */;
CREATE TABLE `users` (
  `user_id` int(11) NOT NULL AUTO_INCREMENT,
  `user` varchar(255) COLLATE utf8_bin NOT NULL,
  `user_password` varchar(255) COLLATE utf8_bin NOT NULL,
  `user_name` varchar(255) COLLATE utf8_bin DEFAULT NULL,
  `user_session_id` varchar(255) COLLATE utf8_bin DEFAULT NULL,
  `user_permissions` longtext COLLATE utf8_bin,
  PRIMARY KEY (`user_id`)
) ENGINE=MyISAM AUTO_INCREMENT=3 DEFAULT CHARSET=utf8 COLLATE=utf8_bin;
/*!40101 SET character_set_client = @saved_cs_client */;

--
-- Dumping data for table `users`
--

LOCK TABLES `users` WRITE;
/*!40000 ALTER TABLE `users` DISABLE KEYS */;
INSERT INTO `users` VALUES (1,'Admin','$2a$08$2sGQinTFe3GF/YqAYQ66auL9o6HeFCQryHdqUDvuEVN0J1vdhimii','Admin','seoobb9mtpn8hb73rld5ltkvs3','a:2:{i:0;s:13:\"user-register\";i:1;s:18:\"gerenciar-noticias\";}'),(2,'teste','$2a$08$PjKEFlLth8jjSxDeWlkOE.h6wYihrGuW3FWu.N0621OZQQMclL3Dm','teste','blcv2tufolrf0qb1k010rl7ts6','a:2:{i:0;s:13:\"user-register\";i:1;s:18:\"gerenciar-noticias\";}');
/*!40000 ALTER TABLE `users` ENABLE KEYS */;
UNLOCK TABLES;

--
-- Temporary view structure for view `vw_marvel_heroe_hashtag`
--

DROP TABLE IF EXISTS `vw_marvel_heroe_hashtag`;
/*!50001 DROP VIEW IF EXISTS `vw_marvel_heroe_hashtag`*/;
SET @saved_cs_client     = @@character_set_client;
SET character_set_client = utf8;
/*!50001 CREATE VIEW `vw_marvel_heroe_hashtag` AS SELECT 
 1 AS `heroi`,
 1 AS `class`,
 1 AS `hashtag`*/;
SET character_set_client = @saved_cs_client;

--
-- Temporary view structure for view `vw_mc_ator`
--

DROP TABLE IF EXISTS `vw_mc_ator`;
/*!50001 DROP VIEW IF EXISTS `vw_mc_ator`*/;
SET @saved_cs_client     = @@character_set_client;
SET character_set_client = utf8;
/*!50001 CREATE VIEW `vw_mc_ator` AS SELECT 
 1 AS `nome`,
 1 AS `filmes`*/;
SET character_set_client = @saved_cs_client;

--
-- Temporary view structure for view `vw_mc_diretor`
--

DROP TABLE IF EXISTS `vw_mc_diretor`;
/*!50001 DROP VIEW IF EXISTS `vw_mc_diretor`*/;
SET @saved_cs_client     = @@character_set_client;
SET character_set_client = utf8;
/*!50001 CREATE VIEW `vw_mc_diretor` AS SELECT 
 1 AS `nome`,
 1 AS `filmes`*/;
SET character_set_client = @saved_cs_client;

--
-- Temporary view structure for view `vw_mc_filme`
--

DROP TABLE IF EXISTS `vw_mc_filme`;
/*!50001 DROP VIEW IF EXISTS `vw_mc_filme`*/;
SET @saved_cs_client     = @@character_set_client;
SET character_set_client = utf8;
/*!50001 CREATE VIEW `vw_mc_filme` AS SELECT 
 1 AS `visto`,
 1 AS `periodo`,
 1 AS `titulo`,
 1 AS `ano`,
 1 AS `imdb`,
 1 AS `genero1`,
 1 AS `titulo original`,
 1 AS `ator1`,
 1 AS `ator2`,
 1 AS `ator3`,
 1 AS `ator4`,
 1 AS `ator5`,
 1 AS `genero2`,
 1 AS `genero3`,
 1 AS `diretor`,
 1 AS `update`*/;
SET character_set_client = @saved_cs_client;

--
-- Temporary view structure for view `vw_mc_filme_por_ator`
--

DROP TABLE IF EXISTS `vw_mc_filme_por_ator`;
/*!50001 DROP VIEW IF EXISTS `vw_mc_filme_por_ator`*/;
SET @saved_cs_client     = @@character_set_client;
SET character_set_client = utf8;
/*!50001 CREATE VIEW `vw_mc_filme_por_ator` AS SELECT 
 1 AS `id`,
 1 AS `nome`,
 1 AS `filme_id`,
 1 AS `titulo`,
 1 AS `ano`,
 1 AS `rating`*/;
SET character_set_client = @saved_cs_client;

--
-- Temporary view structure for view `vw_mc_filme_por_diretor`
--

DROP TABLE IF EXISTS `vw_mc_filme_por_diretor`;
/*!50001 DROP VIEW IF EXISTS `vw_mc_filme_por_diretor`*/;
SET @saved_cs_client     = @@character_set_client;
SET character_set_client = utf8;
/*!50001 CREATE VIEW `vw_mc_filme_por_diretor` AS SELECT 
 1 AS `id`,
 1 AS `nome`,
 1 AS `filme_id`,
 1 AS `titulo`,
 1 AS `ano`,
 1 AS `rating`*/;
SET character_set_client = @saved_cs_client;

--
-- Temporary view structure for view `vw_mc_filme_por_genero`
--

DROP TABLE IF EXISTS `vw_mc_filme_por_genero`;
/*!50001 DROP VIEW IF EXISTS `vw_mc_filme_por_genero`*/;
SET @saved_cs_client     = @@character_set_client;
SET character_set_client = utf8;
/*!50001 CREATE VIEW `vw_mc_filme_por_genero` AS SELECT 
 1 AS `id`,
 1 AS `nome`,
 1 AS `filme_id`,
 1 AS `titulo`,
 1 AS `ano`,
 1 AS `rating`*/;
SET character_set_client = @saved_cs_client;

--
-- Temporary view structure for view `vw_mc_filme_ver`
--

DROP TABLE IF EXISTS `vw_mc_filme_ver`;
/*!50001 DROP VIEW IF EXISTS `vw_mc_filme_ver`*/;
SET @saved_cs_client     = @@character_set_client;
SET character_set_client = utf8;
/*!50001 CREATE VIEW `vw_mc_filme_ver` AS SELECT 
 1 AS `id`,
 1 AS `titulo`,
 1 AS `ano`,
 1 AS `rating`*/;
SET character_set_client = @saved_cs_client;

--
-- Temporary view structure for view `vw_mc_filme_visto`
--

DROP TABLE IF EXISTS `vw_mc_filme_visto`;
/*!50001 DROP VIEW IF EXISTS `vw_mc_filme_visto`*/;
SET @saved_cs_client     = @@character_set_client;
SET character_set_client = utf8;
/*!50001 CREATE VIEW `vw_mc_filme_visto` AS SELECT 
 1 AS `id`,
 1 AS `titulo`,
 1 AS `ano`,
 1 AS `rating`,
 1 AS `periodo`,
 1 AS `periodo_exibe`*/;
SET character_set_client = @saved_cs_client;

--
-- Temporary view structure for view `vw_mc_genero`
--

DROP TABLE IF EXISTS `vw_mc_genero`;
/*!50001 DROP VIEW IF EXISTS `vw_mc_genero`*/;
SET @saved_cs_client     = @@character_set_client;
SET character_set_client = utf8;
/*!50001 CREATE VIEW `vw_mc_genero` AS SELECT 
 1 AS `nome`,
 1 AS `filmes`*/;
SET character_set_client = @saved_cs_client;

--
-- Table structure for table `web_users`
--

DROP TABLE IF EXISTS `web_users`;
/*!40101 SET @saved_cs_client     = @@character_set_client */;
/*!40101 SET character_set_client = utf8 */;
CREATE TABLE `web_users` (
  `ID` int(10) NOT NULL AUTO_INCREMENT,
  `Login` varchar(50) NOT NULL,
  `AccessKey` varchar(50) NOT NULL,
  PRIMARY KEY (`ID`),
  UNIQUE KEY `Login` (`Login`)
) ENGINE=InnoDB AUTO_INCREMENT=2 DEFAULT CHARSET=utf8;
/*!40101 SET character_set_client = @saved_cs_client */;

--
-- Dumping data for table `web_users`
--

LOCK TABLES `web_users` WRITE;
/*!40000 ALTER TABLE `web_users` DISABLE KEYS */;
INSERT INTO `web_users` VALUES (1,'admin','1234');
/*!40000 ALTER TABLE `web_users` ENABLE KEYS */;
UNLOCK TABLES;

--
-- Dumping routines for database 'db_a3f268_myasp'
--

--
-- Final view structure for view `actormovies`
--

/*!50001 DROP VIEW IF EXISTS `actormovies`*/;
/*!50001 SET @saved_cs_client          = @@character_set_client */;
/*!50001 SET @saved_cs_results         = @@character_set_results */;
/*!50001 SET @saved_col_connection     = @@collation_connection */;
/*!50001 SET character_set_client      = utf8 */;
/*!50001 SET character_set_results     = utf8 */;
/*!50001 SET collation_connection      = utf8_general_ci */;
/*!50001 CREATE ALGORITHM=UNDEFINED */
/*!50013 DEFINER=`a3f268_myasp`@`%` SQL SECURITY DEFINER */
/*!50001 VIEW `actormovies` AS select `mc_af_ator_filme`.`af_ato_ator_id` AS `ActorId`,`mc_af_ator_filme`.`af_fil_filme_id` AS `MovieId` from `mc_af_ator_filme` */;
/*!50001 SET character_set_client      = @saved_cs_client */;
/*!50001 SET character_set_results     = @saved_cs_results */;
/*!50001 SET collation_connection      = @saved_col_connection */;

--
-- Final view structure for view `movies`
--

/*!50001 DROP VIEW IF EXISTS `movies`*/;
/*!50001 SET @saved_cs_client          = @@character_set_client */;
/*!50001 SET @saved_cs_results         = @@character_set_results */;
/*!50001 SET @saved_col_connection     = @@collation_connection */;
/*!50001 SET character_set_client      = utf8 */;
/*!50001 SET character_set_results     = utf8 */;
/*!50001 SET collation_connection      = utf8_general_ci */;
/*!50001 CREATE ALGORITHM=UNDEFINED */
/*!50013 DEFINER=`a3f268_myasp`@`%` SQL SECURITY DEFINER */
/*!50001 VIEW `movies` AS select `mc_fil_filme`.`fil_filme_id` AS `Id`,`mc_fil_filme`.`fil_titulo` AS `titulo`,`mc_fil_filme`.`fil_titulo_original` AS `titulo_original`,`mc_fil_filme`.`fil_ano` AS `ano`,`mc_fil_filme`.`fil_rating` AS `rating`,`mc_fil_filme`.`fil_dir_diretor_id` AS `diretor_id`,`mc_fil_filme`.`fil_visto` AS `visto`,`mc_fil_filme`.`fil_periodo` AS `periodo`,`mc_fil_filme`.`fil_update` AS `update` from `mc_fil_filme` */;
/*!50001 SET character_set_client      = @saved_cs_client */;
/*!50001 SET character_set_results     = @saved_cs_results */;
/*!50001 SET collation_connection      = @saved_col_connection */;

--
-- Final view structure for view `vw_marvel_heroe_hashtag`
--

/*!50001 DROP VIEW IF EXISTS `vw_marvel_heroe_hashtag`*/;
/*!50001 SET @saved_cs_client          = @@character_set_client */;
/*!50001 SET @saved_cs_results         = @@character_set_results */;
/*!50001 SET @saved_col_connection     = @@collation_connection */;
/*!50001 SET character_set_client      = utf8 */;
/*!50001 SET character_set_results     = utf8 */;
/*!50001 SET collation_connection      = utf8_general_ci */;
/*!50001 CREATE ALGORITHM=UNDEFINED */
/*!50013 DEFINER=`a3f268_myasp`@`%` SQL SECURITY DEFINER */
/*!50001 VIEW `vw_marvel_heroe_hashtag` AS select `h`.`name` AS `heroi`,(case `h`.`class` when 0 then 'Cosmic' when 1 then 'Tech' when 2 then 'Mutant' when 3 then 'Skill' when 4 then 'Science' when 5 then 'Mystic' else 'n/a' end) AS `class`,`ht`.`name` AS `hashtag` from ((`marvel_heroe` `h` join `marvel_heroe_hashtag` `hh` on((`hh`.`heroe_id` = `h`.`id`))) join `marvel_hashtag` `ht` on((`ht`.`id` = `hh`.`hashtag_id`))) order by 1,3 */;
/*!50001 SET character_set_client      = @saved_cs_client */;
/*!50001 SET character_set_results     = @saved_cs_results */;
/*!50001 SET collation_connection      = @saved_col_connection */;

--
-- Final view structure for view `vw_mc_ator`
--

/*!50001 DROP VIEW IF EXISTS `vw_mc_ator`*/;
/*!50001 SET @saved_cs_client          = @@character_set_client */;
/*!50001 SET @saved_cs_results         = @@character_set_results */;
/*!50001 SET @saved_col_connection     = @@collation_connection */;
/*!50001 SET character_set_client      = utf8 */;
/*!50001 SET character_set_results     = utf8 */;
/*!50001 SET collation_connection      = utf8_general_ci */;
/*!50001 CREATE ALGORITHM=UNDEFINED */
/*!50013 DEFINER=`a3f268_myasp`@`%` SQL SECURITY DEFINER */
/*!50001 VIEW `vw_mc_ator` AS select `mc_ato_ator`.`ato_nome` AS `nome`,count(0) AS `filmes` from (`mc_ato_ator` join `mc_af_ator_filme` on((`mc_af_ator_filme`.`af_ato_ator_id` = `mc_ato_ator`.`ato_ator_id`))) group by `mc_ato_ator`.`ato_nome` order by 2 desc,1 */;
/*!50001 SET character_set_client      = @saved_cs_client */;
/*!50001 SET character_set_results     = @saved_cs_results */;
/*!50001 SET collation_connection      = @saved_col_connection */;

--
-- Final view structure for view `vw_mc_diretor`
--

/*!50001 DROP VIEW IF EXISTS `vw_mc_diretor`*/;
/*!50001 SET @saved_cs_client          = @@character_set_client */;
/*!50001 SET @saved_cs_results         = @@character_set_results */;
/*!50001 SET @saved_col_connection     = @@collation_connection */;
/*!50001 SET character_set_client      = utf8 */;
/*!50001 SET character_set_results     = utf8 */;
/*!50001 SET collation_connection      = utf8_general_ci */;
/*!50001 CREATE ALGORITHM=UNDEFINED */
/*!50013 DEFINER=`a3f268_myasp`@`%` SQL SECURITY DEFINER */
/*!50001 VIEW `vw_mc_diretor` AS select `mc_dir_diretor`.`dir_nome` AS `nome`,count(0) AS `filmes` from (`mc_fil_filme` join `mc_dir_diretor` on((`mc_dir_diretor`.`dir_diretor_id` = `mc_fil_filme`.`fil_dir_diretor_id`))) group by `mc_dir_diretor`.`dir_nome` order by 2 desc,1 */;
/*!50001 SET character_set_client      = @saved_cs_client */;
/*!50001 SET character_set_results     = @saved_cs_results */;
/*!50001 SET collation_connection      = @saved_col_connection */;

--
-- Final view structure for view `vw_mc_filme`
--

/*!50001 DROP VIEW IF EXISTS `vw_mc_filme`*/;
/*!50001 SET @saved_cs_client          = @@character_set_client */;
/*!50001 SET @saved_cs_results         = @@character_set_results */;
/*!50001 SET @saved_col_connection     = @@collation_connection */;
/*!50001 SET character_set_client      = utf8 */;
/*!50001 SET character_set_results     = utf8 */;
/*!50001 SET collation_connection      = utf8_general_ci */;
/*!50001 CREATE ALGORITHM=UNDEFINED */
/*!50013 DEFINER=`a3f268_myasp`@`%` SQL SECURITY DEFINER */
/*!50001 VIEW `vw_mc_filme` AS select `mc_fil_filme`.`fil_visto` AS `visto`,`mc_fil_filme`.`fil_periodo` AS `periodo`,`mc_fil_filme`.`fil_titulo` AS `titulo`,`mc_fil_filme`.`fil_ano` AS `ano`,`mc_fil_filme`.`fil_rating` AS `imdb`,(select `mc_gen_genero`.`gen_nome` from (`mc_gf_genero_filme` join `mc_gen_genero` on((`mc_gen_genero`.`gen_genero_id` = `mc_gf_genero_filme`.`gf_gen_genero_id`))) where (`mc_gf_genero_filme`.`gf_fil_filme_id` = `mc_fil_filme`.`fil_filme_id`) limit 0,1) AS `genero1`,`mc_fil_filme`.`fil_titulo_original` AS `titulo original`,(select `mc_ato_ator`.`ato_nome` from (`mc_af_ator_filme` join `mc_ato_ator` on((`mc_ato_ator`.`ato_ator_id` = `mc_af_ator_filme`.`af_ato_ator_id`))) where (`mc_af_ator_filme`.`af_fil_filme_id` = `mc_fil_filme`.`fil_filme_id`) limit 0,1) AS `ator1`,(select `mc_ato_ator`.`ato_nome` from (`mc_af_ator_filme` join `mc_ato_ator` on((`mc_ato_ator`.`ato_ator_id` = `mc_af_ator_filme`.`af_ato_ator_id`))) where (`mc_af_ator_filme`.`af_fil_filme_id` = `mc_fil_filme`.`fil_filme_id`) limit 1,1) AS `ator2`,(select `mc_ato_ator`.`ato_nome` from (`mc_af_ator_filme` join `mc_ato_ator` on((`mc_ato_ator`.`ato_ator_id` = `mc_af_ator_filme`.`af_ato_ator_id`))) where (`mc_af_ator_filme`.`af_fil_filme_id` = `mc_fil_filme`.`fil_filme_id`) limit 2,1) AS `ator3`,(select `mc_ato_ator`.`ato_nome` from (`mc_af_ator_filme` join `mc_ato_ator` on((`mc_ato_ator`.`ato_ator_id` = `mc_af_ator_filme`.`af_ato_ator_id`))) where (`mc_af_ator_filme`.`af_fil_filme_id` = `mc_fil_filme`.`fil_filme_id`) limit 3,1) AS `ator4`,(select `mc_ato_ator`.`ato_nome` from (`mc_af_ator_filme` join `mc_ato_ator` on((`mc_ato_ator`.`ato_ator_id` = `mc_af_ator_filme`.`af_ato_ator_id`))) where (`mc_af_ator_filme`.`af_fil_filme_id` = `mc_fil_filme`.`fil_filme_id`) limit 4,1) AS `ator5`,(select `mc_gen_genero`.`gen_nome` from (`mc_gf_genero_filme` join `mc_gen_genero` on((`mc_gen_genero`.`gen_genero_id` = `mc_gf_genero_filme`.`gf_gen_genero_id`))) where (`mc_gf_genero_filme`.`gf_fil_filme_id` = `mc_fil_filme`.`fil_filme_id`) limit 1,1) AS `genero2`,(select `mc_gen_genero`.`gen_nome` from (`mc_gf_genero_filme` join `mc_gen_genero` on((`mc_gen_genero`.`gen_genero_id` = `mc_gf_genero_filme`.`gf_gen_genero_id`))) where (`mc_gf_genero_filme`.`gf_fil_filme_id` = `mc_fil_filme`.`fil_filme_id`) limit 2,1) AS `genero3`,`mc_dir_diretor`.`dir_nome` AS `diretor`,`mc_fil_filme`.`fil_update` AS `update` from (`mc_fil_filme` join `mc_dir_diretor` on((`mc_dir_diretor`.`dir_diretor_id` = `mc_fil_filme`.`fil_dir_diretor_id`))) */;
/*!50001 SET character_set_client      = @saved_cs_client */;
/*!50001 SET character_set_results     = @saved_cs_results */;
/*!50001 SET collation_connection      = @saved_col_connection */;

--
-- Final view structure for view `vw_mc_filme_por_ator`
--

/*!50001 DROP VIEW IF EXISTS `vw_mc_filme_por_ator`*/;
/*!50001 SET @saved_cs_client          = @@character_set_client */;
/*!50001 SET @saved_cs_results         = @@character_set_results */;
/*!50001 SET @saved_col_connection     = @@collation_connection */;
/*!50001 SET character_set_client      = utf8 */;
/*!50001 SET character_set_results     = utf8 */;
/*!50001 SET collation_connection      = utf8_general_ci */;
/*!50001 CREATE ALGORITHM=UNDEFINED */
/*!50013 DEFINER=`a3f268_myasp`@`%` SQL SECURITY DEFINER */
/*!50001 VIEW `vw_mc_filme_por_ator` AS select `mc_ato_ator`.`ato_ator_id` AS `id`,`mc_ato_ator`.`ato_nome` AS `nome`,`mc_fil_filme`.`fil_filme_id` AS `filme_id`,`mc_fil_filme`.`fil_titulo` AS `titulo`,`mc_fil_filme`.`fil_ano` AS `ano`,`mc_fil_filme`.`fil_rating` AS `rating` from ((`mc_ato_ator` join `mc_af_ator_filme` on((`mc_ato_ator`.`ato_ator_id` = `mc_af_ator_filme`.`af_ato_ator_id`))) join `mc_fil_filme` on((`mc_fil_filme`.`fil_filme_id` = `mc_af_ator_filme`.`af_fil_filme_id`))) */;
/*!50001 SET character_set_client      = @saved_cs_client */;
/*!50001 SET character_set_results     = @saved_cs_results */;
/*!50001 SET collation_connection      = @saved_col_connection */;

--
-- Final view structure for view `vw_mc_filme_por_diretor`
--

/*!50001 DROP VIEW IF EXISTS `vw_mc_filme_por_diretor`*/;
/*!50001 SET @saved_cs_client          = @@character_set_client */;
/*!50001 SET @saved_cs_results         = @@character_set_results */;
/*!50001 SET @saved_col_connection     = @@collation_connection */;
/*!50001 SET character_set_client      = utf8 */;
/*!50001 SET character_set_results     = utf8 */;
/*!50001 SET collation_connection      = utf8_general_ci */;
/*!50001 CREATE ALGORITHM=UNDEFINED */
/*!50013 DEFINER=`a3f268_myasp`@`%` SQL SECURITY DEFINER */
/*!50001 VIEW `vw_mc_filme_por_diretor` AS select `mc_dir_diretor`.`dir_diretor_id` AS `id`,`mc_dir_diretor`.`dir_nome` AS `nome`,`mc_fil_filme`.`fil_filme_id` AS `filme_id`,`mc_fil_filme`.`fil_titulo` AS `titulo`,`mc_fil_filme`.`fil_ano` AS `ano`,`mc_fil_filme`.`fil_rating` AS `rating` from (`mc_dir_diretor` join `mc_fil_filme` on((`mc_fil_filme`.`fil_dir_diretor_id` = `mc_dir_diretor`.`dir_diretor_id`))) */;
/*!50001 SET character_set_client      = @saved_cs_client */;
/*!50001 SET character_set_results     = @saved_cs_results */;
/*!50001 SET collation_connection      = @saved_col_connection */;

--
-- Final view structure for view `vw_mc_filme_por_genero`
--

/*!50001 DROP VIEW IF EXISTS `vw_mc_filme_por_genero`*/;
/*!50001 SET @saved_cs_client          = @@character_set_client */;
/*!50001 SET @saved_cs_results         = @@character_set_results */;
/*!50001 SET @saved_col_connection     = @@collation_connection */;
/*!50001 SET character_set_client      = utf8 */;
/*!50001 SET character_set_results     = utf8 */;
/*!50001 SET collation_connection      = utf8_general_ci */;
/*!50001 CREATE ALGORITHM=UNDEFINED */
/*!50013 DEFINER=`a3f268_myasp`@`%` SQL SECURITY DEFINER */
/*!50001 VIEW `vw_mc_filme_por_genero` AS select `mc_gen_genero`.`gen_genero_id` AS `id`,`mc_gen_genero`.`gen_nome` AS `nome`,`mc_fil_filme`.`fil_filme_id` AS `filme_id`,`mc_fil_filme`.`fil_titulo` AS `titulo`,`mc_fil_filme`.`fil_ano` AS `ano`,`mc_fil_filme`.`fil_rating` AS `rating` from ((`mc_gen_genero` join `mc_gf_genero_filme` on((`mc_gen_genero`.`gen_genero_id` = `mc_gf_genero_filme`.`gf_gen_genero_id`))) join `mc_fil_filme` on((`mc_fil_filme`.`fil_filme_id` = `mc_gf_genero_filme`.`gf_fil_filme_id`))) */;
/*!50001 SET character_set_client      = @saved_cs_client */;
/*!50001 SET character_set_results     = @saved_cs_results */;
/*!50001 SET collation_connection      = @saved_col_connection */;

--
-- Final view structure for view `vw_mc_filme_ver`
--

/*!50001 DROP VIEW IF EXISTS `vw_mc_filme_ver`*/;
/*!50001 SET @saved_cs_client          = @@character_set_client */;
/*!50001 SET @saved_cs_results         = @@character_set_results */;
/*!50001 SET @saved_col_connection     = @@collation_connection */;
/*!50001 SET character_set_client      = utf8 */;
/*!50001 SET character_set_results     = utf8 */;
/*!50001 SET collation_connection      = utf8_general_ci */;
/*!50001 CREATE ALGORITHM=UNDEFINED */
/*!50013 DEFINER=`a3f268_myasp`@`%` SQL SECURITY DEFINER */
/*!50001 VIEW `vw_mc_filme_ver` AS select `mc_fil_filme`.`fil_filme_id` AS `id`,`mc_fil_filme`.`fil_titulo` AS `titulo`,`mc_fil_filme`.`fil_ano` AS `ano`,`mc_fil_filme`.`fil_rating` AS `rating` from `mc_fil_filme` where isnull(`mc_fil_filme`.`fil_periodo`) */;
/*!50001 SET character_set_client      = @saved_cs_client */;
/*!50001 SET character_set_results     = @saved_cs_results */;
/*!50001 SET collation_connection      = @saved_col_connection */;

--
-- Final view structure for view `vw_mc_filme_visto`
--

/*!50001 DROP VIEW IF EXISTS `vw_mc_filme_visto`*/;
/*!50001 SET @saved_cs_client          = @@character_set_client */;
/*!50001 SET @saved_cs_results         = @@character_set_results */;
/*!50001 SET @saved_col_connection     = @@collation_connection */;
/*!50001 SET character_set_client      = utf8 */;
/*!50001 SET character_set_results     = utf8 */;
/*!50001 SET collation_connection      = utf8_general_ci */;
/*!50001 CREATE ALGORITHM=UNDEFINED */
/*!50013 DEFINER=`a3f268_myasp`@`%` SQL SECURITY DEFINER */
/*!50001 VIEW `vw_mc_filme_visto` AS select `mc_fil_filme`.`fil_filme_id` AS `id`,`mc_fil_filme`.`fil_titulo` AS `titulo`,`mc_fil_filme`.`fil_ano` AS `ano`,`mc_fil_filme`.`fil_rating` AS `rating`,`mc_fil_filme`.`fil_periodo` AS `periodo`,date_format(`mc_fil_filme`.`fil_periodo`,'%m/%Y') AS `periodo_exibe` from `mc_fil_filme` where (`mc_fil_filme`.`fil_periodo` is not null) */;
/*!50001 SET character_set_client      = @saved_cs_client */;
/*!50001 SET character_set_results     = @saved_cs_results */;
/*!50001 SET collation_connection      = @saved_col_connection */;

--
-- Final view structure for view `vw_mc_genero`
--

/*!50001 DROP VIEW IF EXISTS `vw_mc_genero`*/;
/*!50001 SET @saved_cs_client          = @@character_set_client */;
/*!50001 SET @saved_cs_results         = @@character_set_results */;
/*!50001 SET @saved_col_connection     = @@collation_connection */;
/*!50001 SET character_set_client      = utf8 */;
/*!50001 SET character_set_results     = utf8 */;
/*!50001 SET collation_connection      = utf8_general_ci */;
/*!50001 CREATE ALGORITHM=UNDEFINED */
/*!50013 DEFINER=`a3f268_myasp`@`%` SQL SECURITY DEFINER */
/*!50001 VIEW `vw_mc_genero` AS select `mc_gen_genero`.`gen_nome` AS `nome`,count(0) AS `filmes` from (`mc_gen_genero` join `mc_gf_genero_filme` on((`mc_gf_genero_filme`.`gf_gen_genero_id` = `mc_gen_genero`.`gen_genero_id`))) group by `mc_gen_genero`.`gen_nome` order by 2 desc */;
/*!50001 SET character_set_client      = @saved_cs_client */;
/*!50001 SET character_set_results     = @saved_cs_results */;
/*!50001 SET collation_connection      = @saved_col_connection */;
/*!40103 SET TIME_ZONE=@OLD_TIME_ZONE */;

/*!40101 SET SQL_MODE=@OLD_SQL_MODE */;
/*!40014 SET FOREIGN_KEY_CHECKS=@OLD_FOREIGN_KEY_CHECKS */;
/*!40014 SET UNIQUE_CHECKS=@OLD_UNIQUE_CHECKS */;
/*!40101 SET CHARACTER_SET_CLIENT=@OLD_CHARACTER_SET_CLIENT */;
/*!40101 SET CHARACTER_SET_RESULTS=@OLD_CHARACTER_SET_RESULTS */;
/*!40101 SET COLLATION_CONNECTION=@OLD_COLLATION_CONNECTION */;
/*!40111 SET SQL_NOTES=@OLD_SQL_NOTES */;

-- Dump completed on 2019-10-09 12:12:17
